timestamp_utc,team,win_group_pct,advance_pct,round_16_pct,quarterfinal_pct,semifinal_pct,final_pct,champion_pct
2026-06-11T18:00:00+00:00,Algeria,,0.557,0.104,0.04,0.012,0.002,0.001
2026-06-11T18:00:00+00:00,Argentina,,0.961,0.656,0.511,0.381,0.256,0.156
2026-06-11T18:00:00+00:00,Australia,,0.716,0.351,0.149,0.045,0.015,0.0
2026-06-11T18:00:00+00:00,Austria,,0.669,0.163,0.072,0.04,0.013,0.002
2026-06-11T18:00:00+00:00,Belgium,,0.892,0.535,0.331,0.152,0.076,0.033
2026-06-11T18:00:00+00:00,Bosnia-Herzegovina,,0.558,0.203,0.065,0.017,0.005,0.001
2026-06-11T18:00:00+00:00,Brazil,,0.867,0.636,0.356,0.208,0.111,0.042
2026-06-11T18:00:00+00:00,Canada,,0.643,0.297,0.106,0.039,0.008,0.003
2026-06-11T18:00:00+00:00,Cape Verde,,0.357,0.061,0.019,0.006,0.001,0.0
2026-06-11T18:00:00+00:00,Colombia,,0.826,0.396,0.206,0.098,0.043,0.014
2026-06-11T18:00:00+00:00,Congo DR,,0.481,0.078,0.028,0.009,0.002,0.0
2026-06-11T18:00:00+00:00,Croatia,,0.825,0.44,0.2,0.091,0.05,0.016
2026-06-11T18:00:00+00:00,Curaçao,,0.411,0.21,0.046,0.013,0.002,0.0
2026-06-11T18:00:00+00:00,Czechia,,0.471,0.314,0.14,0.051,0.019,0.004
2026-06-11T18:00:00+00:00,Ecuador,,0.719,0.523,0.224,0.087,0.023,0.007
2026-06-11T18:00:00+00:00,Egypt,,0.6,0.177,0.061,0.01,0.002,0.0
2026-06-11T18:00:00+00:00,England,,0.928,0.66,0.426,0.272,0.164,0.112
2026-06-11T18:00:00+00:00,France,,0.938,0.697,0.492,0.354,0.227,0.146
2026-06-11T18:00:00+00:00,Germany,,0.903,0.73,0.471,0.276,0.138,0.067
2026-06-11T18:00:00+00:00,Ghana,,0.522,0.121,0.047,0.016,0.006,0.0
2026-06-11T18:00:00+00:00,Haiti,,0.293,0.1,0.021,0.003,0.0,0.0
2026-06-11T18:00:00+00:00,Iran,,0.709,0.286,0.118,0.038,0.014,0.004
2026-06-11T18:00:00+00:00,Iraq,,0.361,0.083,0.018,0.005,0.0,0.0
2026-06-11T18:00:00+00:00,Ivory Coast,,0.652,0.459,0.153,0.045,0.011,0.001
2026-06-11T18:00:00+00:00,Japan,,0.669,0.24,0.088,0.037,0.012,0.001
2026-06-11T18:00:00+00:00,Jordan,,0.433,0.059,0.014,0.006,0.002,0.0
2026-06-11T18:00:00+00:00,Mexico,,0.965,0.622,0.318,0.124,0.045,0.02
2026-06-11T18:00:00+00:00,Morocco,,0.855,0.609,0.353,0.201,0.114,0.046
2026-06-11T18:00:00+00:00,Netherlands,,0.854,0.441,0.218,0.119,0.054,0.024
2026-06-11T18:00:00+00:00,New Zealand,,0.471,0.125,0.042,0.011,0.001,0.0
2026-06-11T18:00:00+00:00,Norway,,0.605,0.179,0.059,0.022,0.006,0.003
2026-06-11T18:00:00+00:00,Panama,,0.356,0.068,0.007,0.002,0.0,0.0
2026-06-11T18:00:00+00:00,Paraguay,,0.324,0.129,0.055,0.013,0.002,0.0
2026-06-11T18:00:00+00:00,Portugal,,0.912,0.547,0.341,0.189,0.096,0.045
2026-06-11T18:00:00+00:00,Qatar,,0.631,0.271,0.073,0.021,0.005,0.002
2026-06-11T18:00:00+00:00,Saudi Arabia,,0.52,0.102,0.029,0.009,0.003,0.003
2026-06-11T18:00:00+00:00,Scotland,,0.716,0.471,0.189,0.076,0.032,0.013
2026-06-11T18:00:00+00:00,Senegal,,0.755,0.35,0.151,0.08,0.037,0.015
2026-06-11T18:00:00+00:00,South Africa,,0.336,0.189,0.083,0.021,0.005,0.0
2026-06-11T18:00:00+00:00,South Korea,,0.92,0.545,0.234,0.068,0.019,0.004
2026-06-11T18:00:00+00:00,Spain,,0.953,0.668,0.496,0.376,0.255,0.172
2026-06-11T18:00:00+00:00,Sweden,,0.681,0.265,0.113,0.048,0.013,0.005
2026-06-11T18:00:00+00:00,Switzerland,,0.791,0.49,0.237,0.096,0.036,0.016
2026-06-11T18:00:00+00:00,Tunisia,,0.497,0.136,0.041,0.013,0.003,0.0
2026-06-11T18:00:00+00:00,Türkiye,,0.688,0.326,0.145,0.048,0.015,0.004
2026-06-11T18:00:00+00:00,United States,,0.972,0.526,0.25,0.08,0.031,0.012
2026-06-11T18:00:00+00:00,Uruguay,,0.788,0.287,0.142,0.066,0.024,0.006
2026-06-11T18:00:00+00:00,Uzbekistan,,0.449,0.075,0.022,0.006,0.002,0.0
2026-06-16T01:57:13.730213+00:00,Algeria,0.1028,0.5828,0.1309,0.0484,0.0196,0.0057,0.0013
2026-06-16T01:57:13.730213+00:00,Argentina,0.6976,0.9638,0.6709,0.5333,0.4035,0.26,0.1702
2026-06-16T01:57:13.730213+00:00,Australia,0.3884,0.9549,0.4627,0.1929,0.055,0.0159,0.0054
2026-06-16T01:57:13.730213+00:00,Austria,0.1452,0.6683,0.1812,0.0812,0.0376,0.0144,0.0038
2026-06-16T01:57:13.730213+00:00,Belgium,0.3983,0.8601,0.4948,0.3139,0.1467,0.0725,0.0313
2026-06-16T01:57:13.730213+00:00,Bosnia-Herzegovina,0.1784,0.5607,0.222,0.0643,0.0153,0.0031,0.0006
2026-06-16T01:57:13.730213+00:00,Brazil,0.3448,0.8782,0.6592,0.368,0.208,0.1102,0.0555
2026-06-16T01:57:13.730213+00:00,Canada,0.2269,0.6261,0.2909,0.0999,0.0298,0.0083,0.0017
2026-06-16T01:57:13.730213+00:00,Cape Verde,0.0853,0.4755,0.0825,0.0217,0.0052,0.0009,0.0001
2026-06-16T01:57:13.730213+00:00,Colombia,0.3381,0.8379,0.3971,0.2113,0.1036,0.0452,0.0179
2026-06-16T01:57:13.730213+00:00,Congo DR,0.0793,0.4473,0.0844,0.0226,0.0067,0.0016,0.0002
2026-06-16T01:57:13.730213+00:00,Croatia,0.2818,0.8216,0.4065,0.195,0.1028,0.0506,0.0223
2026-06-16T01:57:13.730213+00:00,Curaçao,0.0058,0.1852,0.1162,0.0288,0.005,0.0007,0.0002
2026-06-16T01:57:13.730213+00:00,Czechia,0.0523,0.474,0.3065,0.1365,0.0402,0.0125,0.0035
2026-06-16T01:57:13.730213+00:00,Ecuador,0.0218,0.5331,0.5519,0.209,0.0738,0.025,0.0074
2026-06-16T01:57:13.730213+00:00,Egypt,0.1705,0.6532,0.2173,0.0792,0.0195,0.0041,0.0011
2026-06-16T01:57:13.730213+00:00,England,0.5775,0.9355,0.6331,0.4115,0.2589,0.1577,0.0902
2026-06-16T01:57:13.730213+00:00,France,0.6435,0.947,0.6896,0.4892,0.34,0.2214,0.1435
2026-06-16T01:57:13.730213+00:00,Germany,0.7206,0.9938,0.7453,0.4628,0.2463,0.1164,0.0497
2026-06-16T01:57:13.730213+00:00,Ghana,0.0873,0.5184,0.1156,0.0352,0.0122,0.0044,0.0008
2026-06-16T01:57:13.730213+00:00,Haiti,0.0154,0.1598,0.0668,0.0149,0.0029,0.0002,0.0
2026-06-16T01:57:13.730213+00:00,Iran,0.2943,0.7055,0.2842,0.1311,0.0425,0.0135,0.0032
2026-06-16T01:57:13.730213+00:00,Iraq,0.0476,0.37,0.0804,0.0157,0.0039,0.0004,0.0
2026-06-16T01:57:13.730213+00:00,Ivory Coast,0.2518,0.9179,0.5089,0.1866,0.0639,0.0193,0.0049
2026-06-16T01:57:13.730213+00:00,Japan,0.1852,0.7206,0.2776,0.1142,0.0534,0.0193,0.0055
2026-06-16T01:57:13.730213+00:00,Jordan,0.0544,0.4088,0.0614,0.0175,0.0049,0.0012,0.0004
2026-06-16T01:57:13.730213+00:00,Mexico,0.5678,0.9672,0.6012,0.3028,0.1293,0.0536,0.0201
2026-06-16T01:57:13.730213+00:00,Mostreamlit run app.pyrocco,0.3333,0.876,0.6409,0.351,0.1942,0.0973,0.0452
2026-06-16T01:57:13.730213+00:00,Netherlands,0.33,0.8459,0.441,0.2359,0.1325,0.0671,0.0324
2026-06-16T01:57:13.730213+00:00,New Zealand,0.1369,0.4812,0.1217,0.039,0.0079,0.0017,0.0003
2026-06-16T01:57:13.730213+00:00,Norway,0.1035,0.5534,0.1752,0.0555,0.0217,0.0067,0.0018
2026-06-16T01:57:13.730213+00:00,Panama,0.0534,0.3737,0.0643,0.0129,0.0034,0.0009,0.0004
2026-06-16T01:57:13.730213+00:00,Paraguay,0.0212,0.3201,0.1194,0.0423,0.011,0.002,0.0002
2026-06-16T01:57:13.730213+00:00,Portugal,0.5096,0.9091,0.5558,0.3506,0.2021,0.1048,0.0492
2026-06-16T01:57:13.730213+00:00,Qatar,0.2068,0.631,0.2583,0.0782,0.0207,0.0056,0.0012
2026-06-16T01:57:13.730213+00:00,Saudi Arabia,0.1177,0.5418,0.1292,0.0466,0.0159,0.0041,0.0009
2026-06-16T01:57:13.730213+00:00,Scotland,0.3065,0.8673,0.5468,0.2361,0.107,0.0421,0.0158
2026-06-16T01:57:13.730213+00:00,Senegal,0.2054,0.7556,0.3511,0.1657,0.0809,0.0356,0.0122
2026-06-16T01:57:13.730213+00:00,South Africa,0.0233,0.3237,0.1737,0.066,0.0153,0.0037,0.0009
2026-06-16T01:57:13.730213+00:00,South Korea,0.3566,0.9213,0.5119,0.2248,0.0766,0.0246,0.0065
2026-06-16T01:57:13.730213+00:00,Spain,0.5686,0.913,0.6226,0.4614,0.3571,0.2448,0.1516
2026-06-16T01:57:13.730213+00:00,Sweden,0.4618,0.9669,0.3663,0.1414,0.0597,0.0228,0.0084
2026-06-16T01:57:13.730213+00:00,Switzerland,0.3879,0.7958,0.4657,0.2006,0.0814,0.0305,0.0108
2026-06-16T01:57:13.730213+00:00,Tunisia,0.023,0.1995,0.0527,0.0155,0.005,0.0013,0.0003
2026-06-16T01:57:13.730213+00:00,Türkiye,0.0311,0.4274,0.1908,0.0808,0.0235,0.0069,0.0023
2026-06-16T01:57:13.730213+00:00,United States,0.5593,0.9757,0.5237,0.2466,0.0784,0.0294,0.0089
2026-06-16T01:57:13.730213+00:00,Uruguay,0.2284,0.7056,0.273,0.1425,0.0707,0.0291,0.0098
2026-06-16T01:57:13.730213+00:00,Uzbekistan,0.073,0.4488,0.0768,0.0191,0.0045,0.0009,0.0001
2026-06-16T02:27:49.348034+00:00,Algeria,0.1028,0.5828,0.1309,0.0484,0.0196,0.0057,0.0013
2026-06-16T02:27:49.348034+00:00,Argentina,0.6976,0.9638,0.6709,0.5333,0.4035,0.26,0.1702
2026-06-16T02:27:49.348034+00:00,Australia,0.3884,0.9549,0.4627,0.1929,0.055,0.0159,0.0054
2026-06-16T02:27:49.348034+00:00,Austria,0.1452,0.6683,0.1812,0.0812,0.0376,0.0144,0.0038
2026-06-16T02:27:49.348034+00:00,Belgium,0.3983,0.8601,0.4948,0.3139,0.1467,0.0725,0.0313
2026-06-16T02:27:49.348034+00:00,Bosnia-Herzegovina,0.1784,0.5607,0.222,0.0643,0.0153,0.0031,0.0006
2026-06-16T02:27:49.348034+00:00,Brazil,0.3448,0.8782,0.6592,0.368,0.208,0.1102,0.0555
2026-06-16T02:27:49.348034+00:00,Canada,0.2269,0.6261,0.2909,0.0999,0.0298,0.0083,0.0017
2026-06-16T02:27:49.348034+00:00,Cape Verde,0.0853,0.4755,0.0825,0.0217,0.0052,0.0009,0.0001
2026-06-16T02:27:49.348034+00:00,Colombia,0.3381,0.8379,0.3971,0.2113,0.1036,0.0452,0.0179
2026-06-16T02:27:49.348034+00:00,Congo DR,0.0793,0.4473,0.0844,0.0226,0.0067,0.0016,0.0002
2026-06-16T02:27:49.348034+00:00,Croatia,0.2818,0.8216,0.4065,0.195,0.1028,0.0506,0.0223
2026-06-16T02:27:49.348034+00:00,Curaçao,0.0058,0.1852,0.1162,0.0288,0.005,0.0007,0.0002
2026-06-16T02:27:49.348034+00:00,Czechia,0.0523,0.474,0.3065,0.1365,0.0402,0.0125,0.0035
2026-06-16T02:27:49.348034+00:00,Ecuador,0.0218,0.5331,0.5519,0.209,0.0738,0.025,0.0074
2026-06-16T02:27:49.348034+00:00,Egypt,0.1705,0.6532,0.2173,0.0792,0.0195,0.0041,0.0011
2026-06-16T02:27:49.348034+00:00,England,0.5775,0.9355,0.6331,0.4115,0.2589,0.1577,0.0902
2026-06-16T02:27:49.348034+00:00,France,0.6435,0.947,0.6896,0.4892,0.34,0.2214,0.1435
2026-06-16T02:27:49.348034+00:00,Germany,0.7206,0.9938,0.7453,0.4628,0.2463,0.1164,0.0497
2026-06-16T02:27:49.348034+00:00,Ghana,0.0873,0.5184,0.1156,0.0352,0.0122,0.0044,0.0008
2026-06-16T02:27:49.348034+00:00,Haiti,0.0154,0.1598,0.0668,0.0149,0.0029,0.0002,0.0
2026-06-16T02:27:49.348034+00:00,Iran,0.2943,0.7055,0.2842,0.1311,0.0425,0.0135,0.0032
2026-06-16T02:27:49.348034+00:00,Iraq,0.0476,0.37,0.0804,0.0157,0.0039,0.0004,0.0
2026-06-16T02:27:49.348034+00:00,Ivory Coast,0.2518,0.9179,0.5089,0.1866,0.0639,0.0193,0.0049
2026-06-16T02:27:49.348034+00:00,Japan,0.1852,0.7206,0.2776,0.1142,0.0534,0.0193,0.0055
2026-06-16T02:27:49.348034+00:00,Jordan,0.0544,0.4088,0.0614,0.0175,0.0049,0.0012,0.0004
2026-06-16T02:27:49.348034+00:00,Mexico,0.5678,0.9672,0.6012,0.3028,0.1293,0.0536,0.0201
2026-06-16T02:27:49.348034+00:00,Morocco,0.3333,0.876,0.6409,0.351,0.1942,0.0973,0.0452
2026-06-16T02:27:49.348034+00:00,Netherlands,0.33,0.8459,0.441,0.2359,0.1325,0.0671,0.0324
2026-06-16T02:27:49.348034+00:00,New Zealand,0.1369,0.4812,0.1217,0.039,0.0079,0.0017,0.0003
2026-06-16T02:27:49.348034+00:00,Norway,0.1035,0.5534,0.1752,0.0555,0.0217,0.0067,0.0018
2026-06-16T02:27:49.348034+00:00,Panama,0.0534,0.3737,0.0643,0.0129,0.0034,0.0009,0.0004
2026-06-16T02:27:49.348034+00:00,Paraguay,0.0212,0.3201,0.1194,0.0423,0.011,0.002,0.0002
2026-06-16T02:27:49.348034+00:00,Portugal,0.5096,0.9091,0.5558,0.3506,0.2021,0.1048,0.0492
2026-06-16T02:27:49.348034+00:00,Qatar,0.2068,0.631,0.2583,0.0782,0.0207,0.0056,0.0012
2026-06-16T02:27:49.348034+00:00,Saudi Arabia,0.1177,0.5418,0.1292,0.0466,0.0159,0.0041,0.0009
2026-06-16T02:27:49.348034+00:00,Scotland,0.3065,0.8673,0.5468,0.2361,0.107,0.0421,0.0158
2026-06-16T02:27:49.348034+00:00,Senegal,0.2054,0.7556,0.3511,0.1657,0.0809,0.0356,0.0122
2026-06-16T02:27:49.348034+00:00,South Africa,0.0233,0.3237,0.1737,0.066,0.0153,0.0037,0.0009
2026-06-16T02:27:49.348034+00:00,South Korea,0.3566,0.9213,0.5119,0.2248,0.0766,0.0246,0.0065
2026-06-16T02:27:49.348034+00:00,Spain,0.5686,0.913,0.6226,0.4614,0.3571,0.2448,0.1516
2026-06-16T02:27:49.348034+00:00,Sweden,0.4618,0.9669,0.3663,0.1414,0.0597,0.0228,0.0084
2026-06-16T02:27:49.348034+00:00,Switzerland,0.3879,0.7958,0.4657,0.2006,0.0814,0.0305,0.0108
2026-06-16T02:27:49.348034+00:00,Tunisia,0.023,0.1995,0.0527,0.0155,0.005,0.0013,0.0003
2026-06-16T02:27:49.348034+00:00,Türkiye,0.0311,0.4274,0.1908,0.0808,0.0235,0.0069,0.0023
2026-06-16T02:27:49.348034+00:00,United States,0.5593,0.9757,0.5237,0.2466,0.0784,0.0294,0.0089
2026-06-16T02:27:49.348034+00:00,Uruguay,0.2284,0.7056,0.273,0.1425,0.0707,0.0291,0.0098
2026-06-16T02:27:49.348034+00:00,Uzbekistan,0.073,0.4488,0.0768,0.0191,0.0045,0.0009,0.0001
2026-06-16T03:04:52.841034+00:00,Algeria,0.1017,0.5846,0.1276,0.0471,0.0184,0.0059,0.0024
2026-06-16T03:04:52.841034+00:00,Argentina,0.6996,0.9622,0.6651,0.53,0.3989,0.2642,0.1749
2026-06-16T03:04:52.841034+00:00,Australia,0.3812,0.9522,0.471,0.2055,0.0619,0.0168,0.0046
2026-06-16T03:04:52.841034+00:00,Austria,0.1442,0.675,0.1909,0.0851,0.0381,0.0142,0.0043
2026-06-16T03:04:52.841034+00:00,Belgium,0.4443,0.8564,0.4946,0.3138,0.1483,0.0776,0.0339
2026-06-16T03:04:52.841034+00:00,Bosnia-Herzegovina,0.1836,0.5713,0.2315,0.069,0.0198,0.0043,0.0006
2026-06-16T03:04:52.841034+00:00,Brazil,0.3412,0.8815,0.6501,0.3695,0.2098,0.1065,0.0544
2026-06-16T03:04:52.841034+00:00,Canada,0.2319,0.6402,0.2981,0.1019,0.0312,0.0091,0.0021
2026-06-16T03:04:52.841034+00:00,Cape Verde,0.089,0.4766,0.0835,0.0243,0.0055,0.0013,0.0001
2026-06-16T03:04:52.841034+00:00,Colombia,0.3319,0.8335,0.3943,0.2006,0.0971,0.0414,0.0147
2026-06-16T03:04:52.841034+00:00,Congo DR,0.0818,0.4574,0.0849,0.0227,0.0053,0.0009,0.0002
2026-06-16T03:04:52.841034+00:00,Croatia,0.2954,0.8282,0.4061,0.2004,0.1009,0.0471,0.0184
2026-06-16T03:04:52.841034+00:00,Curaçao,0.0057,0.1895,0.1127,0.0248,0.0055,0.0012,0.0001
2026-06-16T03:04:52.841034+00:00,Czechia,0.0469,0.4782,0.3171,0.1322,0.0436,0.0155,0.0038
2026-06-16T03:04:52.841034+00:00,Ecuador,0.0199,0.5288,0.5443,0.2095,0.0726,0.0233,0.0068
2026-06-16T03:04:52.841034+00:00,Egypt,0.1852,0.644,0.2168,0.0827,0.023,0.0067,0.0019
2026-06-16T03:04:52.841034+00:00,England,0.552,0.936,0.6374,0.412,0.2575,0.1571,0.0913
2026-06-16T03:04:52.841034+00:00,France,0.6449,0.9554,0.6928,0.4818,0.3395,0.2153,0.1357
2026-06-16T03:04:52.841034+00:00,Germany,0.7236,0.995,0.7363,0.4629,0.2528,0.1234,0.0495
2026-06-16T03:04:52.841034+00:00,Ghana,0.1002,0.5205,0.1234,0.0368,0.0116,0.0031,0.0009
2026-06-16T03:04:52.841034+00:00,Haiti,0.0174,0.1622,0.0664,0.0142,0.0024,0.0003,0.0001
2026-06-16T03:04:52.841034+00:00,Iran,0.2385,0.6393,0.2652,0.1257,0.0395,0.0152,0.0048
2026-06-16T03:04:52.841034+00:00,Iraq,0.0492,0.3738,0.0771,0.0188,0.0048,0.0009,0.0002
2026-06-16T03:04:52.841034+00:00,Ivory Coast,0.2508,0.9173,0.5053,0.1839,0.0599,0.0188,0.0044
2026-06-16T03:04:52.841034+00:00,Japan,0.1818,0.7234,0.2694,0.1086,0.0486,0.0184,0.0054
2026-06-16T03:04:52.841034+00:00,Jordan,0.0545,0.4043,0.0587,0.0159,0.0051,0.0012,0.0002
2026-06-16T03:04:52.841034+00:00,Mexico,0.5743,0.9632,0.5949,0.3014,0.1313,0.0552,0.0216
2026-06-16T03:04:52.841034+00:00,Morocco,0.3381,0.8791,0.6445,0.3568,0.2021,0.1041,0.0474
2026-06-16T03:04:52.841034+00:00,Netherlands,0.3311,0.8395,0.4411,0.2376,0.1342,0.0673,0.0314
2026-06-16T03:04:52.841034+00:00,New Zealand,0.132,0.488,0.1382,0.0437,0.0092,0.0012,0.0005
2026-06-16T03:04:52.841034+00:00,Norway,0.1011,0.5573,0.1785,0.0572,0.0193,0.0056,0.0012
2026-06-16T03:04:52.841034+00:00,Panama,0.0524,0.3753,0.0611,0.0152,0.0044,0.0011,0.0001
2026-06-16T03:04:52.841034+00:00,Paraguay,0.0217,0.3209,0.126,0.0445,0.0114,0.0028,0.0005
2026-06-16T03:04:52.841034+00:00,Portugal,0.5036,0.9077,0.5439,0.3469,0.1912,0.0961,0.049
2026-06-16T03:04:52.841034+00:00,Qatar,0.1974,0.6285,0.2568,0.0768,0.0191,0.0045,0.0016
2026-06-16T03:04:52.841034+00:00,Saudi Arabia,0.1211,0.5441,0.1288,0.0474,0.0152,0.005,0.0012
2026-06-16T03:04:52.841034+00:00,Scotland,0.3033,0.8735,0.553,0.2349,0.1014,0.0388,0.0147
2026-06-16T03:04:52.841034+00:00,Senegal,0.2048,0.7513,0.3552,0.1622,0.0804,0.0323,0.0119
2026-06-16T03:04:52.841034+00:00,South Africa,0.0236,0.3184,0.1727,0.0608,0.0145,0.0041,0.0013
2026-06-16T03:04:52.841034+00:00,South Korea,0.3552,0.9265,0.5154,0.2201,0.0735,0.0273,0.0076
2026-06-16T03:04:52.841034+00:00,Spain,0.5604,0.9124,0.6123,0.4531,0.3472,0.2417,0.1536
2026-06-16T03:04:52.841034+00:00,Sweden,0.4636,0.9655,0.3629,0.1396,0.0609,0.0216,0.0073
2026-06-16T03:04:52.841034+00:00,Switzerland,0.3871,0.7851,0.4618,0.2014,0.0897,0.0339,0.0112
2026-06-16T03:04:52.841034+00:00,Tunisia,0.0235,0.2016,0.0558,0.0154,0.0045,0.0009,0.0002
2026-06-16T03:04:52.841034+00:00,Türkiye,0.0314,0.4287,0.188,0.0769,0.0234,0.0074,0.0022
2026-06-16T03:04:52.841034+00:00,United States,0.5657,0.9784,0.5305,0.2595,0.0875,0.0313,0.0096
2026-06-16T03:04:52.841034+00:00,Uruguay,0.2295,0.7166,0.2743,0.1467,0.0711,0.0269,0.01
2026-06-16T03:04:52.841034+00:00,Uzbekistan,0.0827,0.4516,0.0837,0.0222,0.0069,0.0012,0.0002
2026-06-16T04:17:15.166809+00:00,Argentina,0.6996,0.9622,0.6651,0.53,0.3989,0.2642,0.1749
2026-06-16T04:17:15.166809+00:00,Spain,0.5604,0.9124,0.6123,0.4531,0.3472,0.2417,0.1536
2026-06-16T04:17:15.166809+00:00,France,0.6449,0.9554,0.6928,0.4818,0.3395,0.2153,0.1357
2026-06-16T04:17:15.166809+00:00,England,0.552,0.936,0.6374,0.412,0.2575,0.1571,0.0913
2026-06-16T04:17:15.166809+00:00,Brazil,0.3412,0.8815,0.6501,0.3695,0.2098,0.1065,0.0544
2026-06-16T04:17:15.166809+00:00,Germany,0.7236,0.995,0.7363,0.4629,0.2528,0.1234,0.0495
2026-06-16T04:17:15.166809+00:00,Portugal,0.5036,0.9077,0.5439,0.3469,0.1912,0.0961,0.049
2026-06-16T04:17:15.166809+00:00,Morocco,0.3381,0.8791,0.6445,0.3568,0.2021,0.1041,0.0474
2026-06-16T04:17:15.166809+00:00,Belgium,0.4443,0.8564,0.4946,0.3138,0.1483,0.0776,0.0339
2026-06-16T04:17:15.166809+00:00,Netherlands,0.3311,0.8395,0.4411,0.2376,0.1342,0.0673,0.0314
2026-06-16T04:17:15.166809+00:00,Mexico,0.5743,0.9632,0.5949,0.3014,0.1313,0.0552,0.0216
2026-06-16T04:17:15.166809+00:00,Croatia,0.2954,0.8282,0.4061,0.2004,0.1009,0.0471,0.0184
2026-06-16T04:17:15.166809+00:00,Colombia,0.3319,0.8335,0.3943,0.2006,0.0971,0.0414,0.0147
2026-06-16T04:17:15.166809+00:00,Scotland,0.3033,0.8735,0.553,0.2349,0.1014,0.0388,0.0147
2026-06-16T04:17:15.166809+00:00,Senegal,0.2048,0.7513,0.3552,0.1622,0.0804,0.0323,0.0119
2026-06-16T04:17:15.166809+00:00,Switzerland,0.3871,0.7851,0.4618,0.2014,0.0897,0.0339,0.0112
2026-06-16T04:17:15.166809+00:00,Uruguay,0.2295,0.7166,0.2743,0.1467,0.0711,0.0269,0.01
2026-06-16T04:17:15.166809+00:00,United States,0.5657,0.9784,0.5305,0.2595,0.0875,0.0313,0.0096
2026-06-16T04:17:15.166809+00:00,South Korea,0.3552,0.9265,0.5154,0.2201,0.0735,0.0273,0.0076
2026-06-16T04:17:15.166809+00:00,Sweden,0.4636,0.9655,0.3629,0.1396,0.0609,0.0216,0.0073
2026-06-16T04:17:15.166809+00:00,Ecuador,0.0199,0.5288,0.5443,0.2095,0.0726,0.0233,0.0068
2026-06-16T04:17:15.166809+00:00,Japan,0.1818,0.7234,0.2694,0.1086,0.0486,0.0184,0.0054
2026-06-16T04:17:15.166809+00:00,Iran,0.2385,0.6393,0.2652,0.1257,0.0395,0.0152,0.0048
2026-06-16T04:17:15.166809+00:00,Australia,0.3812,0.9522,0.471,0.2055,0.0619,0.0168,0.0046
2026-06-16T04:17:15.166809+00:00,Ivory Coast,0.2508,0.9173,0.5053,0.1839,0.0599,0.0188,0.0044
2026-06-16T04:17:15.166809+00:00,Austria,0.1442,0.675,0.1909,0.0851,0.0381,0.0142,0.0043
2026-06-16T04:17:15.166809+00:00,Czechia,0.0469,0.4782,0.3171,0.1322,0.0436,0.0155,0.0038
2026-06-16T04:17:15.166809+00:00,Algeria,0.1017,0.5846,0.1276,0.0471,0.0184,0.0059,0.0024
2026-06-16T04:17:15.166809+00:00,Türkiye,0.0314,0.4287,0.188,0.0769,0.0234,0.0074,0.0022
2026-06-16T04:17:15.166809+00:00,Canada,0.2319,0.6402,0.2981,0.1019,0.0312,0.0091,0.0021
2026-06-16T04:17:15.166809+00:00,Egypt,0.1852,0.644,0.2168,0.0827,0.023,0.0067,0.0019
2026-06-16T04:17:15.166809+00:00,Qatar,0.1974,0.6285,0.2568,0.0768,0.0191,0.0045,0.0016
2026-06-16T04:17:15.166809+00:00,South Africa,0.0236,0.3184,0.1727,0.0608,0.0145,0.0041,0.0013
2026-06-16T04:17:15.166809+00:00,Saudi Arabia,0.1211,0.5441,0.1288,0.0474,0.0152,0.005,0.0012
2026-06-16T04:17:15.166809+00:00,Norway,0.1011,0.5573,0.1785,0.0572,0.0193,0.0056,0.0012
2026-06-16T04:17:15.166809+00:00,Ghana,0.1002,0.5205,0.1234,0.0368,0.0116,0.0031,0.0009
2026-06-16T04:17:15.166809+00:00,Bosnia-Herzegovina,0.1836,0.5713,0.2315,0.069,0.0198,0.0043,0.0006
2026-06-16T04:17:15.166809+00:00,New Zealand,0.132,0.488,0.1382,0.0437,0.0092,0.0012,0.0005
2026-06-16T04:17:15.166809+00:00,Paraguay,0.0217,0.3209,0.126,0.0445,0.0114,0.0028,0.0005
2026-06-16T04:17:15.166809+00:00,Congo DR,0.0818,0.4574,0.0849,0.0227,0.0053,0.0009,0.0002
2026-06-16T04:17:15.166809+00:00,Tunisia,0.0235,0.2016,0.0558,0.0154,0.0045,0.0009,0.0002
2026-06-16T04:17:15.166809+00:00,Uzbekistan,0.0827,0.4516,0.0837,0.0222,0.0069,0.0012,0.0002
2026-06-16T04:17:15.166809+00:00,Iraq,0.0492,0.3738,0.0771,0.0188,0.0048,0.0009,0.0002
2026-06-16T04:17:15.166809+00:00,Jordan,0.0545,0.4043,0.0587,0.0159,0.0051,0.0012,0.0002
2026-06-16T04:17:15.166809+00:00,Curaçao,0.0057,0.1895,0.1127,0.0248,0.0055,0.0012,0.0001
2026-06-16T04:17:15.166809+00:00,Cape Verde,0.089,0.4766,0.0835,0.0243,0.0055,0.0013,0.0001
2026-06-16T04:17:15.166809+00:00,Panama,0.0524,0.3753,0.0611,0.0152,0.0044,0.0011,0.0001
2026-06-16T04:17:15.166809+00:00,Haiti,0.0174,0.1622,0.0664,0.0142,0.0024,0.0003,0.0001
2026-06-16T06:11:29.153474+00:00,Argentina,0.6996,0.9622,0.6651,0.53,0.3989,0.2642,0.1749
2026-06-16T06:11:29.153474+00:00,Spain,0.5604,0.9124,0.6123,0.4531,0.3472,0.2417,0.1536
2026-06-16T06:11:29.153474+00:00,France,0.6449,0.9554,0.6928,0.4818,0.3395,0.2153,0.1357
2026-06-16T06:11:29.153474+00:00,England,0.552,0.936,0.6374,0.412,0.2575,0.1571,0.0913
2026-06-16T06:11:29.153474+00:00,Brazil,0.3412,0.8815,0.6501,0.3695,0.2098,0.1065,0.0544
2026-06-16T06:11:29.153474+00:00,Germany,0.7236,0.995,0.7363,0.4629,0.2528,0.1234,0.0495
2026-06-16T06:11:29.153474+00:00,Portugal,0.5036,0.9077,0.5439,0.3469,0.1912,0.0961,0.049
2026-06-16T06:11:29.153474+00:00,Morocco,0.3381,0.8791,0.6445,0.3568,0.2021,0.1041,0.0474
2026-06-16T06:11:29.153474+00:00,Belgium,0.4443,0.8564,0.4946,0.3138,0.1483,0.0776,0.0339
2026-06-16T06:11:29.153474+00:00,Netherlands,0.3311,0.8395,0.4411,0.2376,0.1342,0.0673,0.0314
2026-06-16T06:11:29.153474+00:00,Mexico,0.5743,0.9632,0.5949,0.3014,0.1313,0.0552,0.0216
2026-06-16T06:11:29.153474+00:00,Croatia,0.2954,0.8282,0.4061,0.2004,0.1009,0.0471,0.0184
2026-06-16T06:11:29.153474+00:00,Colombia,0.3319,0.8335,0.3943,0.2006,0.0971,0.0414,0.0147
2026-06-16T06:11:29.153474+00:00,Scotland,0.3033,0.8735,0.553,0.2349,0.1014,0.0388,0.0147
2026-06-16T06:11:29.153474+00:00,Senegal,0.2048,0.7513,0.3552,0.1622,0.0804,0.0323,0.0119
2026-06-16T06:11:29.153474+00:00,Switzerland,0.3871,0.7851,0.4618,0.2014,0.0897,0.0339,0.0112
2026-06-16T06:11:29.153474+00:00,Uruguay,0.2295,0.7166,0.2743,0.1467,0.0711,0.0269,0.01
2026-06-16T06:11:29.153474+00:00,United States,0.5657,0.9784,0.5305,0.2595,0.0875,0.0313,0.0096
2026-06-16T06:11:29.153474+00:00,South Korea,0.3552,0.9265,0.5154,0.2201,0.0735,0.0273,0.0076
2026-06-16T06:11:29.153474+00:00,Sweden,0.4636,0.9655,0.3629,0.1396,0.0609,0.0216,0.0073
2026-06-16T06:11:29.153474+00:00,Ecuador,0.0199,0.5288,0.5443,0.2095,0.0726,0.0233,0.0068
2026-06-16T06:11:29.153474+00:00,Japan,0.1818,0.7234,0.2694,0.1086,0.0486,0.0184,0.0054
2026-06-16T06:11:29.153474+00:00,Iran,0.2385,0.6393,0.2652,0.1257,0.0395,0.0152,0.0048
2026-06-16T06:11:29.153474+00:00,Australia,0.3812,0.9522,0.471,0.2055,0.0619,0.0168,0.0046
2026-06-16T06:11:29.153474+00:00,Ivory Coast,0.2508,0.9173,0.5053,0.1839,0.0599,0.0188,0.0044
2026-06-16T06:11:29.153474+00:00,Austria,0.1442,0.675,0.1909,0.0851,0.0381,0.0142,0.0043
2026-06-16T06:11:29.153474+00:00,Czechia,0.0469,0.4782,0.3171,0.1322,0.0436,0.0155,0.0038
2026-06-16T06:11:29.153474+00:00,Algeria,0.1017,0.5846,0.1276,0.0471,0.0184,0.0059,0.0024
2026-06-16T06:11:29.153474+00:00,Türkiye,0.0314,0.4287,0.188,0.0769,0.0234,0.0074,0.0022
2026-06-16T06:11:29.153474+00:00,Canada,0.2319,0.6402,0.2981,0.1019,0.0312,0.0091,0.0021
2026-06-16T06:11:29.153474+00:00,Egypt,0.1852,0.644,0.2168,0.0827,0.023,0.0067,0.0019
2026-06-16T06:11:29.153474+00:00,Qatar,0.1974,0.6285,0.2568,0.0768,0.0191,0.0045,0.0016
2026-06-16T06:11:29.153474+00:00,South Africa,0.0236,0.3184,0.1727,0.0608,0.0145,0.0041,0.0013
2026-06-16T06:11:29.153474+00:00,Saudi Arabia,0.1211,0.5441,0.1288,0.0474,0.0152,0.005,0.0012
2026-06-16T06:11:29.153474+00:00,Norway,0.1011,0.5573,0.1785,0.0572,0.0193,0.0056,0.0012
2026-06-16T06:11:29.153474+00:00,Ghana,0.1002,0.5205,0.1234,0.0368,0.0116,0.0031,0.0009
2026-06-16T06:11:29.153474+00:00,Bosnia-Herzegovina,0.1836,0.5713,0.2315,0.069,0.0198,0.0043,0.0006
2026-06-16T06:11:29.153474+00:00,New Zealand,0.132,0.488,0.1382,0.0437,0.0092,0.0012,0.0005
2026-06-16T06:11:29.153474+00:00,Paraguay,0.0217,0.3209,0.126,0.0445,0.0114,0.0028,0.0005
2026-06-16T06:11:29.153474+00:00,Congo DR,0.0818,0.4574,0.0849,0.0227,0.0053,0.0009,0.0002
2026-06-16T06:11:29.153474+00:00,Tunisia,0.0235,0.2016,0.0558,0.0154,0.0045,0.0009,0.0002
2026-06-16T06:11:29.153474+00:00,Uzbekistan,0.0827,0.4516,0.0837,0.0222,0.0069,0.0012,0.0002
2026-06-16T06:11:29.153474+00:00,Iraq,0.0492,0.3738,0.0771,0.0188,0.0048,0.0009,0.0002
2026-06-16T06:11:29.153474+00:00,Jordan,0.0545,0.4043,0.0587,0.0159,0.0051,0.0012,0.0002
2026-06-16T06:11:29.153474+00:00,Curaçao,0.0057,0.1895,0.1127,0.0248,0.0055,0.0012,0.0001
2026-06-16T06:11:29.153474+00:00,Cape Verde,0.089,0.4766,0.0835,0.0243,0.0055,0.0013,0.0001
2026-06-16T06:11:29.153474+00:00,Panama,0.0524,0.3753,0.0611,0.0152,0.0044,0.0011,0.0001
2026-06-16T06:11:29.153474+00:00,Haiti,0.0174,0.1622,0.0664,0.0142,0.0024,0.0003,0.0001
2026-06-16T11:37:37.810888+00:00,Argentina,0.6996,0.9622,0.6651,0.53,0.3989,0.2642,0.1749
2026-06-16T11:37:37.810888+00:00,Spain,0.5604,0.9124,0.6123,0.4531,0.3472,0.2417,0.1536
2026-06-16T11:37:37.810888+00:00,France,0.6449,0.9554,0.6928,0.4818,0.3395,0.2153,0.1357
2026-06-16T11:37:37.810888+00:00,England,0.552,0.936,0.6374,0.412,0.2575,0.1571,0.0913
2026-06-16T11:37:37.810888+00:00,Brazil,0.3412,0.8815,0.6501,0.3695,0.2098,0.1065,0.0544
2026-06-16T11:37:37.810888+00:00,Germany,0.7236,0.995,0.7363,0.4629,0.2528,0.1234,0.0495
2026-06-16T11:37:37.810888+00:00,Portugal,0.5036,0.9077,0.5439,0.3469,0.1912,0.0961,0.049
2026-06-16T11:37:37.810888+00:00,Morocco,0.3381,0.8791,0.6445,0.3568,0.2021,0.1041,0.0474
2026-06-16T11:37:37.810888+00:00,Belgium,0.4443,0.8564,0.4946,0.3138,0.1483,0.0776,0.0339
2026-06-16T11:37:37.810888+00:00,Netherlands,0.3311,0.8395,0.4411,0.2376,0.1342,0.0673,0.0314
2026-06-16T11:37:37.810888+00:00,Mexico,0.5743,0.9632,0.5949,0.3014,0.1313,0.0552,0.0216
2026-06-16T11:37:37.810888+00:00,Croatia,0.2954,0.8282,0.4061,0.2004,0.1009,0.0471,0.0184
2026-06-16T11:37:37.810888+00:00,Colombia,0.3319,0.8335,0.3943,0.2006,0.0971,0.0414,0.0147
2026-06-16T11:37:37.810888+00:00,Scotland,0.3033,0.8735,0.553,0.2349,0.1014,0.0388,0.0147
2026-06-16T11:37:37.810888+00:00,Senegal,0.2048,0.7513,0.3552,0.1622,0.0804,0.0323,0.0119
2026-06-16T11:37:37.810888+00:00,Switzerland,0.3871,0.7851,0.4618,0.2014,0.0897,0.0339,0.0112
2026-06-16T11:37:37.810888+00:00,Uruguay,0.2295,0.7166,0.2743,0.1467,0.0711,0.0269,0.01
2026-06-16T11:37:37.810888+00:00,United States,0.5657,0.9784,0.5305,0.2595,0.0875,0.0313,0.0096
2026-06-16T11:37:37.810888+00:00,South Korea,0.3552,0.9265,0.5154,0.2201,0.0735,0.0273,0.0076
2026-06-16T11:37:37.810888+00:00,Sweden,0.4636,0.9655,0.3629,0.1396,0.0609,0.0216,0.0073
2026-06-16T11:37:37.810888+00:00,Ecuador,0.0199,0.5288,0.5443,0.2095,0.0726,0.0233,0.0068
2026-06-16T11:37:37.810888+00:00,Japan,0.1818,0.7234,0.2694,0.1086,0.0486,0.0184,0.0054
2026-06-16T11:37:37.810888+00:00,Iran,0.2385,0.6393,0.2652,0.1257,0.0395,0.0152,0.0048
2026-06-16T11:37:37.810888+00:00,Australia,0.3812,0.9522,0.471,0.2055,0.0619,0.0168,0.0046
2026-06-16T11:37:37.810888+00:00,Ivory Coast,0.2508,0.9173,0.5053,0.1839,0.0599,0.0188,0.0044
2026-06-16T11:37:37.810888+00:00,Austria,0.1442,0.675,0.1909,0.0851,0.0381,0.0142,0.0043
2026-06-16T11:37:37.810888+00:00,Czechia,0.0469,0.4782,0.3171,0.1322,0.0436,0.0155,0.0038
2026-06-16T11:37:37.810888+00:00,Algeria,0.1017,0.5846,0.1276,0.0471,0.0184,0.0059,0.0024
2026-06-16T11:37:37.810888+00:00,Türkiye,0.0314,0.4287,0.188,0.0769,0.0234,0.0074,0.0022
2026-06-16T11:37:37.810888+00:00,Canada,0.2319,0.6402,0.2981,0.1019,0.0312,0.0091,0.0021
2026-06-16T11:37:37.810888+00:00,Egypt,0.1852,0.644,0.2168,0.0827,0.023,0.0067,0.0019
2026-06-16T11:37:37.810888+00:00,Qatar,0.1974,0.6285,0.2568,0.0768,0.0191,0.0045,0.0016
2026-06-16T11:37:37.810888+00:00,South Africa,0.0236,0.3184,0.1727,0.0608,0.0145,0.0041,0.0013
2026-06-16T11:37:37.810888+00:00,Saudi Arabia,0.1211,0.5441,0.1288,0.0474,0.0152,0.005,0.0012
2026-06-16T11:37:37.810888+00:00,Norway,0.1011,0.5573,0.1785,0.0572,0.0193,0.0056,0.0012
2026-06-16T11:37:37.810888+00:00,Ghana,0.1002,0.5205,0.1234,0.0368,0.0116,0.0031,0.0009
2026-06-16T11:37:37.810888+00:00,Bosnia-Herzegovina,0.1836,0.5713,0.2315,0.069,0.0198,0.0043,0.0006
2026-06-16T11:37:37.810888+00:00,New Zealand,0.132,0.488,0.1382,0.0437,0.0092,0.0012,0.0005
2026-06-16T11:37:37.810888+00:00,Paraguay,0.0217,0.3209,0.126,0.0445,0.0114,0.0028,0.0005
2026-06-16T11:37:37.810888+00:00,Congo DR,0.0818,0.4574,0.0849,0.0227,0.0053,0.0009,0.0002
2026-06-16T11:37:37.810888+00:00,Tunisia,0.0235,0.2016,0.0558,0.0154,0.0045,0.0009,0.0002
2026-06-16T11:37:37.810888+00:00,Uzbekistan,0.0827,0.4516,0.0837,0.0222,0.0069,0.0012,0.0002
2026-06-16T11:37:37.810888+00:00,Iraq,0.0492,0.3738,0.0771,0.0188,0.0048,0.0009,0.0002
2026-06-16T11:37:37.810888+00:00,Jordan,0.0545,0.4043,0.0587,0.0159,0.0051,0.0012,0.0002
2026-06-16T11:37:37.810888+00:00,Curaçao,0.0057,0.1895,0.1127,0.0248,0.0055,0.0012,0.0001
2026-06-16T11:37:37.810888+00:00,Cape Verde,0.089,0.4766,0.0835,0.0243,0.0055,0.0013,0.0001
2026-06-16T11:37:37.810888+00:00,Panama,0.0524,0.3753,0.0611,0.0152,0.0044,0.0011,0.0001
2026-06-16T11:37:37.810888+00:00,Haiti,0.0174,0.1622,0.0664,0.0142,0.0024,0.0003,0.0001
2026-06-16T16:14:33.581518+00:00,Argentina,0.6996,0.9622,0.6651,0.53,0.3989,0.2642,0.1749
2026-06-16T16:14:33.581518+00:00,Spain,0.5604,0.9124,0.6123,0.4531,0.3472,0.2417,0.1536
2026-06-16T16:14:33.581518+00:00,France,0.6449,0.9554,0.6928,0.4818,0.3395,0.2153,0.1357
2026-06-16T16:14:33.581518+00:00,England,0.552,0.936,0.6374,0.412,0.2575,0.1571,0.0913
2026-06-16T16:14:33.581518+00:00,Brazil,0.3412,0.8815,0.6501,0.3695,0.2098,0.1065,0.0544
2026-06-16T16:14:33.581518+00:00,Germany,0.7236,0.995,0.7363,0.4629,0.2528,0.1234,0.0495
2026-06-16T16:14:33.581518+00:00,Portugal,0.5036,0.9077,0.5439,0.3469,0.1912,0.0961,0.049
2026-06-16T16:14:33.581518+00:00,Morocco,0.3381,0.8791,0.6445,0.3568,0.2021,0.1041,0.0474
2026-06-16T16:14:33.581518+00:00,Belgium,0.4443,0.8564,0.4946,0.3138,0.1483,0.0776,0.0339
2026-06-16T16:14:33.581518+00:00,Netherlands,0.3311,0.8395,0.4411,0.2376,0.1342,0.0673,0.0314
2026-06-16T16:14:33.581518+00:00,Mexico,0.5743,0.9632,0.5949,0.3014,0.1313,0.0552,0.0216
2026-06-16T16:14:33.581518+00:00,Croatia,0.2954,0.8282,0.4061,0.2004,0.1009,0.0471,0.0184
2026-06-16T16:14:33.581518+00:00,Colombia,0.3319,0.8335,0.3943,0.2006,0.0971,0.0414,0.0147
2026-06-16T16:14:33.581518+00:00,Scotland,0.3033,0.8735,0.553,0.2349,0.1014,0.0388,0.0147
2026-06-16T16:14:33.581518+00:00,Senegal,0.2048,0.7513,0.3552,0.1622,0.0804,0.0323,0.0119
2026-06-16T16:14:33.581518+00:00,Switzerland,0.3871,0.7851,0.4618,0.2014,0.0897,0.0339,0.0112
2026-06-16T16:14:33.581518+00:00,Uruguay,0.2295,0.7166,0.2743,0.1467,0.0711,0.0269,0.01
2026-06-16T16:14:33.581518+00:00,United States,0.5657,0.9784,0.5305,0.2595,0.0875,0.0313,0.0096
2026-06-16T16:14:33.581518+00:00,South Korea,0.3552,0.9265,0.5154,0.2201,0.0735,0.0273,0.0076
2026-06-16T16:14:33.581518+00:00,Sweden,0.4636,0.9655,0.3629,0.1396,0.0609,0.0216,0.0073
2026-06-16T16:14:33.581518+00:00,Ecuador,0.0199,0.5288,0.5443,0.2095,0.0726,0.0233,0.0068
2026-06-16T16:14:33.581518+00:00,Japan,0.1818,0.7234,0.2694,0.1086,0.0486,0.0184,0.0054
2026-06-16T16:14:33.581518+00:00,Iran,0.2385,0.6393,0.2652,0.1257,0.0395,0.0152,0.0048
2026-06-16T16:14:33.581518+00:00,Australia,0.3812,0.9522,0.471,0.2055,0.0619,0.0168,0.0046
2026-06-16T16:14:33.581518+00:00,Ivory Coast,0.2508,0.9173,0.5053,0.1839,0.0599,0.0188,0.0044
2026-06-16T16:14:33.581518+00:00,Austria,0.1442,0.675,0.1909,0.0851,0.0381,0.0142,0.0043
2026-06-16T16:14:33.581518+00:00,Czechia,0.0469,0.4782,0.3171,0.1322,0.0436,0.0155,0.0038
2026-06-16T16:14:33.581518+00:00,Algeria,0.1017,0.5846,0.1276,0.0471,0.0184,0.0059,0.0024
2026-06-16T16:14:33.581518+00:00,Türkiye,0.0314,0.4287,0.188,0.0769,0.0234,0.0074,0.0022
2026-06-16T16:14:33.581518+00:00,Canada,0.2319,0.6402,0.2981,0.1019,0.0312,0.0091,0.0021
2026-06-16T16:14:33.581518+00:00,Egypt,0.1852,0.644,0.2168,0.0827,0.023,0.0067,0.0019
2026-06-16T16:14:33.581518+00:00,Qatar,0.1974,0.6285,0.2568,0.0768,0.0191,0.0045,0.0016
2026-06-16T16:14:33.581518+00:00,South Africa,0.0236,0.3184,0.1727,0.0608,0.0145,0.0041,0.0013
2026-06-16T16:14:33.581518+00:00,Saudi Arabia,0.1211,0.5441,0.1288,0.0474,0.0152,0.005,0.0012
2026-06-16T16:14:33.581518+00:00,Norway,0.1011,0.5573,0.1785,0.0572,0.0193,0.0056,0.0012
2026-06-16T16:14:33.581518+00:00,Ghana,0.1002,0.5205,0.1234,0.0368,0.0116,0.0031,0.0009
2026-06-16T16:14:33.581518+00:00,Bosnia-Herzegovina,0.1836,0.5713,0.2315,0.069,0.0198,0.0043,0.0006
2026-06-16T16:14:33.581518+00:00,New Zealand,0.132,0.488,0.1382,0.0437,0.0092,0.0012,0.0005
2026-06-16T16:14:33.581518+00:00,Paraguay,0.0217,0.3209,0.126,0.0445,0.0114,0.0028,0.0005
2026-06-16T16:14:33.581518+00:00,Congo DR,0.0818,0.4574,0.0849,0.0227,0.0053,0.0009,0.0002
2026-06-16T16:14:33.581518+00:00,Tunisia,0.0235,0.2016,0.0558,0.0154,0.0045,0.0009,0.0002
2026-06-16T16:14:33.581518+00:00,Uzbekistan,0.0827,0.4516,0.0837,0.0222,0.0069,0.0012,0.0002
2026-06-16T16:14:33.581518+00:00,Iraq,0.0492,0.3738,0.0771,0.0188,0.0048,0.0009,0.0002
2026-06-16T16:14:33.581518+00:00,Jordan,0.0545,0.4043,0.0587,0.0159,0.0051,0.0012,0.0002
2026-06-16T16:14:33.581518+00:00,Curaçao,0.0057,0.1895,0.1127,0.0248,0.0055,0.0012,0.0001
2026-06-16T16:14:33.581518+00:00,Cape Verde,0.089,0.4766,0.0835,0.0243,0.0055,0.0013,0.0001
2026-06-16T16:14:33.581518+00:00,Panama,0.0524,0.3753,0.0611,0.0152,0.0044,0.0011,0.0001
2026-06-16T16:14:33.581518+00:00,Haiti,0.0174,0.1622,0.0664,0.0142,0.0024,0.0003,0.0001
2026-06-16T19:53:38.364273+00:00,Argentina,0.6996,0.9622,0.6651,0.53,0.3989,0.2642,0.1749
2026-06-16T19:53:38.364273+00:00,Spain,0.5604,0.9124,0.6123,0.4531,0.3472,0.2417,0.1536
2026-06-16T19:53:38.364273+00:00,France,0.6449,0.9554,0.6928,0.4818,0.3395,0.2153,0.1357
2026-06-16T19:53:38.364273+00:00,England,0.552,0.936,0.6374,0.412,0.2575,0.1571,0.0913
2026-06-16T19:53:38.364273+00:00,Brazil,0.3412,0.8815,0.6501,0.3695,0.2098,0.1065,0.0544
2026-06-16T19:53:38.364273+00:00,Germany,0.7236,0.995,0.7363,0.4629,0.2528,0.1234,0.0495
2026-06-16T19:53:38.364273+00:00,Portugal,0.5036,0.9077,0.5439,0.3469,0.1912,0.0961,0.049
2026-06-16T19:53:38.364273+00:00,Morocco,0.3381,0.8791,0.6445,0.3568,0.2021,0.1041,0.0474
2026-06-16T19:53:38.364273+00:00,Belgium,0.4443,0.8564,0.4946,0.3138,0.1483,0.0776,0.0339
2026-06-16T19:53:38.364273+00:00,Netherlands,0.3311,0.8395,0.4411,0.2376,0.1342,0.0673,0.0314
2026-06-16T19:53:38.364273+00:00,Mexico,0.5743,0.9632,0.5949,0.3014,0.1313,0.0552,0.0216
2026-06-16T19:53:38.364273+00:00,Croatia,0.2954,0.8282,0.4061,0.2004,0.1009,0.0471,0.0184
2026-06-16T19:53:38.364273+00:00,Colombia,0.3319,0.8335,0.3943,0.2006,0.0971,0.0414,0.0147
2026-06-16T19:53:38.364273+00:00,Scotland,0.3033,0.8735,0.553,0.2349,0.1014,0.0388,0.0147
2026-06-16T19:53:38.364273+00:00,Senegal,0.2048,0.7513,0.3552,0.1622,0.0804,0.0323,0.0119
2026-06-16T19:53:38.364273+00:00,Switzerland,0.3871,0.7851,0.4618,0.2014,0.0897,0.0339,0.0112
2026-06-16T19:53:38.364273+00:00,Uruguay,0.2295,0.7166,0.2743,0.1467,0.0711,0.0269,0.01
2026-06-16T19:53:38.364273+00:00,United States,0.5657,0.9784,0.5305,0.2595,0.0875,0.0313,0.0096
2026-06-16T19:53:38.364273+00:00,South Korea,0.3552,0.9265,0.5154,0.2201,0.0735,0.0273,0.0076
2026-06-16T19:53:38.364273+00:00,Sweden,0.4636,0.9655,0.3629,0.1396,0.0609,0.0216,0.0073
2026-06-16T19:53:38.364273+00:00,Ecuador,0.0199,0.5288,0.5443,0.2095,0.0726,0.0233,0.0068
2026-06-16T19:53:38.364273+00:00,Japan,0.1818,0.7234,0.2694,0.1086,0.0486,0.0184,0.0054
2026-06-16T19:53:38.364273+00:00,Iran,0.2385,0.6393,0.2652,0.1257,0.0395,0.0152,0.0048
2026-06-16T19:53:38.364273+00:00,Australia,0.3812,0.9522,0.471,0.2055,0.0619,0.0168,0.0046
2026-06-16T19:53:38.364273+00:00,Ivory Coast,0.2508,0.9173,0.5053,0.1839,0.0599,0.0188,0.0044
2026-06-16T19:53:38.364273+00:00,Austria,0.1442,0.675,0.1909,0.0851,0.0381,0.0142,0.0043
2026-06-16T19:53:38.364273+00:00,Czechia,0.0469,0.4782,0.3171,0.1322,0.0436,0.0155,0.0038
2026-06-16T19:53:38.364273+00:00,Algeria,0.1017,0.5846,0.1276,0.0471,0.0184,0.0059,0.0024
2026-06-16T19:53:38.364273+00:00,Türkiye,0.0314,0.4287,0.188,0.0769,0.0234,0.0074,0.0022
2026-06-16T19:53:38.364273+00:00,Canada,0.2319,0.6402,0.2981,0.1019,0.0312,0.0091,0.0021
2026-06-16T19:53:38.364273+00:00,Egypt,0.1852,0.644,0.2168,0.0827,0.023,0.0067,0.0019
2026-06-16T19:53:38.364273+00:00,Qatar,0.1974,0.6285,0.2568,0.0768,0.0191,0.0045,0.0016
2026-06-16T19:53:38.364273+00:00,South Africa,0.0236,0.3184,0.1727,0.0608,0.0145,0.0041,0.0013
2026-06-16T19:53:38.364273+00:00,Saudi Arabia,0.1211,0.5441,0.1288,0.0474,0.0152,0.005,0.0012
2026-06-16T19:53:38.364273+00:00,Norway,0.1011,0.5573,0.1785,0.0572,0.0193,0.0056,0.0012
2026-06-16T19:53:38.364273+00:00,Ghana,0.1002,0.5205,0.1234,0.0368,0.0116,0.0031,0.0009
2026-06-16T19:53:38.364273+00:00,Bosnia-Herzegovina,0.1836,0.5713,0.2315,0.069,0.0198,0.0043,0.0006
2026-06-16T19:53:38.364273+00:00,New Zealand,0.132,0.488,0.1382,0.0437,0.0092,0.0012,0.0005
2026-06-16T19:53:38.364273+00:00,Paraguay,0.0217,0.3209,0.126,0.0445,0.0114,0.0028,0.0005
2026-06-16T19:53:38.364273+00:00,Congo DR,0.0818,0.4574,0.0849,0.0227,0.0053,0.0009,0.0002
2026-06-16T19:53:38.364273+00:00,Tunisia,0.0235,0.2016,0.0558,0.0154,0.0045,0.0009,0.0002
2026-06-16T19:53:38.364273+00:00,Uzbekistan,0.0827,0.4516,0.0837,0.0222,0.0069,0.0012,0.0002
2026-06-16T19:53:38.364273+00:00,Iraq,0.0492,0.3738,0.0771,0.0188,0.0048,0.0009,0.0002
2026-06-16T19:53:38.364273+00:00,Jordan,0.0545,0.4043,0.0587,0.0159,0.0051,0.0012,0.0002
2026-06-16T19:53:38.364273+00:00,Curaçao,0.0057,0.1895,0.1127,0.0248,0.0055,0.0012,0.0001
2026-06-16T19:53:38.364273+00:00,Cape Verde,0.089,0.4766,0.0835,0.0243,0.0055,0.0013,0.0001
2026-06-16T19:53:38.364273+00:00,Panama,0.0524,0.3753,0.0611,0.0152,0.0044,0.0011,0.0001
2026-06-16T19:53:38.364273+00:00,Haiti,0.0174,0.1622,0.0664,0.0142,0.0024,0.0003,0.0001
2026-06-16T21:20:55.393097+00:00,Argentina,0.6939,0.9608,0.6627,0.5289,0.4042,0.2646,0.1746
2026-06-16T21:20:55.393097+00:00,Spain,0.5688,0.9174,0.6243,0.4656,0.3622,0.2516,0.1581
2026-06-16T21:20:55.393097+00:00,France,0.8609,0.9928,0.7399,0.5196,0.3606,0.2296,0.1508
2026-06-16T21:20:55.393097+00:00,England,0.5663,0.9336,0.633,0.4159,0.2494,0.1541,0.0885
2026-06-16T21:20:55.393097+00:00,Germany,0.7179,0.9947,0.77,0.4727,0.2606,0.1294,0.0547
2026-06-16T21:20:55.393097+00:00,Brazil,0.3462,0.8834,0.6538,0.3704,0.2077,0.1062,0.0501
2026-06-16T21:20:55.393097+00:00,Portugal,0.5032,0.9086,0.5516,0.3467,0.1933,0.0991,0.0499
2026-06-16T21:20:55.393097+00:00,Morocco,0.3338,0.8743,0.6107,0.3257,0.1779,0.0893,0.0432
2026-06-16T21:20:55.393097+00:00,Belgium,0.438,0.8498,0.4871,0.3167,0.1454,0.0749,0.0334
2026-06-16T21:20:55.393097+00:00,Netherlands,0.325,0.8399,0.4362,0.2305,0.1332,0.0653,0.0306
2026-06-16T21:20:55.393097+00:00,Croatia,0.2895,0.8248,0.4024,0.1993,0.0988,0.0491,0.0188
2026-06-16T21:20:55.393097+00:00,Mexico,0.5795,0.9682,0.5847,0.2892,0.1231,0.0514,0.0179
2026-06-16T21:20:55.393097+00:00,Colombia,0.3441,0.8417,0.4026,0.2126,0.1012,0.0419,0.0161
2026-06-16T21:20:55.393097+00:00,Scotland,0.304,0.8723,0.5385,0.2344,0.105,0.0414,0.0148
2026-06-16T21:20:55.393097+00:00,Senegal,0.0238,0.6417,0.2901,0.1346,0.0678,0.0285,0.0114
2026-06-16T21:20:55.393097+00:00,United States,0.564,0.9782,0.5362,0.2557,0.0859,0.0319,0.0102
2026-06-16T21:20:55.393097+00:00,Uruguay,0.2301,0.7135,0.2665,0.1406,0.068,0.0279,0.0086
2026-06-16T21:20:55.393097+00:00,Switzerland,0.3897,0.7976,0.4626,0.2023,0.0876,0.0311,0.0084
2026-06-16T21:20:55.393097+00:00,Sweden,0.4633,0.9682,0.3719,0.1439,0.0633,0.0219,0.0079
2026-06-16T21:20:55.393097+00:00,South Korea,0.3501,0.9262,0.5141,0.2226,0.0794,0.0276,0.0078
2026-06-16T21:20:55.393097+00:00,Ecuador,0.0234,0.5367,0.544,0.2045,0.0697,0.0219,0.0059
2026-06-16T21:20:55.393097+00:00,Japan,0.1874,0.729,0.2673,0.1094,0.0489,0.0177,0.0056
2026-06-16T21:20:55.393097+00:00,Ivory Coast,0.2514,0.916,0.5322,0.1952,0.0621,0.0182,0.0045
2026-06-16T21:20:55.393097+00:00,Australia,0.3813,0.9534,0.4687,0.1951,0.0569,0.0175,0.0045
2026-06-16T21:20:55.393097+00:00,Iran,0.2399,0.6411,0.2705,0.1299,0.0421,0.0149,0.0043
2026-06-16T21:20:55.393097+00:00,Czechia,0.0474,0.478,0.3104,0.1325,0.0384,0.0124,0.0038
2026-06-16T21:20:55.393097+00:00,Austria,0.1489,0.6754,0.1879,0.0791,0.0363,0.011,0.0035
2026-06-16T21:20:55.393097+00:00,Canada,0.2243,0.6363,0.299,0.1043,0.0346,0.0086,0.0016
2026-06-16T21:20:55.393097+00:00,Norway,0.0813,0.5679,0.1886,0.0625,0.0232,0.0062,0.0015
2026-06-16T21:20:55.393097+00:00,Algeria,0.1031,0.594,0.136,0.0491,0.0192,0.0061,0.0015
2026-06-16T21:20:55.393097+00:00,Egypt,0.1922,0.6542,0.2111,0.08,0.0211,0.0061,0.001
2026-06-16T21:20:55.393097+00:00,Türkiye,0.0329,0.4325,0.1889,0.0786,0.024,0.0054,0.001
2026-06-16T21:20:55.393097+00:00,South Africa,0.023,0.3215,0.1769,0.0622,0.0177,0.0046,0.0009
2026-06-16T21:20:55.393097+00:00,Ghana,0.0909,0.5168,0.1248,0.0387,0.0136,0.005,0.0009
2026-06-16T21:20:55.393097+00:00,Qatar,0.2026,0.6294,0.2517,0.0715,0.0193,0.0037,0.0007
2026-06-16T21:20:55.393097+00:00,Bosnia-Herzegovina,0.1834,0.5686,0.2255,0.0656,0.0168,0.0047,0.0006
2026-06-16T21:20:55.393097+00:00,Saudi Arabia,0.1151,0.5401,0.1262,0.0465,0.0149,0.0039,0.0004
2026-06-16T21:20:55.393097+00:00,Tunisia,0.0243,0.2004,0.0542,0.0157,0.0052,0.0013,0.0004
2026-06-16T21:20:55.393097+00:00,Cape Verde,0.086,0.4842,0.0869,0.0237,0.0049,0.0011,0.0003
2026-06-16T21:20:55.393097+00:00,Curaçao,0.0073,0.1938,0.1187,0.0299,0.0071,0.0014,0.0003
2026-06-16T21:20:55.393097+00:00,Paraguay,0.0218,0.3193,0.1238,0.0443,0.0108,0.0023,0.0003
2026-06-16T21:20:55.393097+00:00,Congo DR,0.0774,0.458,0.0851,0.0253,0.0065,0.0015,0.0002
2026-06-16T21:20:55.393097+00:00,Haiti,0.016,0.1604,0.0609,0.0132,0.0029,0.0007,0.0002
2026-06-16T21:20:55.393097+00:00,Panama,0.0533,0.3767,0.0625,0.0141,0.0041,0.0008,0.0002
2026-06-16T21:20:55.393097+00:00,Jordan,0.0541,0.4039,0.0586,0.0163,0.0057,0.0013,0.0001
2026-06-16T21:20:55.393097+00:00,Iraq,0.034,0.3863,0.0871,0.021,0.0055,0.0015,0.0
2026-06-16T21:20:55.393097+00:00,New Zealand,0.1299,0.4835,0.1354,0.0413,0.0081,0.0016,0.0
2026-06-16T21:20:55.393097+00:00,Uzbekistan,0.0753,0.4549,0.0782,0.0226,0.0058,0.0018,0.0
2026-06-16T22:20:38.843681+00:00,Argentina,0.6939,0.9608,0.6627,0.5289,0.4042,0.2646,0.1746
2026-06-16T22:20:38.843681+00:00,Spain,0.5688,0.9174,0.6243,0.4656,0.3622,0.2516,0.1581
2026-06-16T22:20:38.843681+00:00,France,0.8609,0.9928,0.7399,0.5196,0.3606,0.2296,0.1508
2026-06-16T22:20:38.843681+00:00,England,0.5663,0.9336,0.633,0.4159,0.2494,0.1541,0.0885
2026-06-16T22:20:38.843681+00:00,Germany,0.7179,0.9947,0.77,0.4727,0.2606,0.1294,0.0547
2026-06-16T22:20:38.843681+00:00,Brazil,0.3462,0.8834,0.6538,0.3704,0.2077,0.1062,0.0501
2026-06-16T22:20:38.843681+00:00,Portugal,0.5032,0.9086,0.5516,0.3467,0.1933,0.0991,0.0499
2026-06-16T22:20:38.843681+00:00,Morocco,0.3338,0.8743,0.6107,0.3257,0.1779,0.0893,0.0432
2026-06-16T22:20:38.843681+00:00,Belgium,0.438,0.8498,0.4871,0.3167,0.1454,0.0749,0.0334
2026-06-16T22:20:38.843681+00:00,Netherlands,0.325,0.8399,0.4362,0.2305,0.1332,0.0653,0.0306
2026-06-16T22:20:38.843681+00:00,Croatia,0.2895,0.8248,0.4024,0.1993,0.0988,0.0491,0.0188
2026-06-16T22:20:38.843681+00:00,Mexico,0.5795,0.9682,0.5847,0.2892,0.1231,0.0514,0.0179
2026-06-16T22:20:38.843681+00:00,Colombia,0.3441,0.8417,0.4026,0.2126,0.1012,0.0419,0.0161
2026-06-16T22:20:38.843681+00:00,Scotland,0.304,0.8723,0.5385,0.2344,0.105,0.0414,0.0148
2026-06-16T22:20:38.843681+00:00,Senegal,0.0238,0.6417,0.2901,0.1346,0.0678,0.0285,0.0114
2026-06-16T22:20:38.843681+00:00,United States,0.564,0.9782,0.5362,0.2557,0.0859,0.0319,0.0102
2026-06-16T22:20:38.843681+00:00,Uruguay,0.2301,0.7135,0.2665,0.1406,0.068,0.0279,0.0086
2026-06-16T22:20:38.843681+00:00,Switzerland,0.3897,0.7976,0.4626,0.2023,0.0876,0.0311,0.0084
2026-06-16T22:20:38.843681+00:00,Sweden,0.4633,0.9682,0.3719,0.1439,0.0633,0.0219,0.0079
2026-06-16T22:20:38.843681+00:00,South Korea,0.3501,0.9262,0.5141,0.2226,0.0794,0.0276,0.0078
2026-06-16T22:20:38.843681+00:00,Ecuador,0.0234,0.5367,0.544,0.2045,0.0697,0.0219,0.0059
2026-06-16T22:20:38.843681+00:00,Japan,0.1874,0.729,0.2673,0.1094,0.0489,0.0177,0.0056
2026-06-16T22:20:38.843681+00:00,Ivory Coast,0.2514,0.916,0.5322,0.1952,0.0621,0.0182,0.0045
2026-06-16T22:20:38.843681+00:00,Australia,0.3813,0.9534,0.4687,0.1951,0.0569,0.0175,0.0045
2026-06-16T22:20:38.843681+00:00,Iran,0.2399,0.6411,0.2705,0.1299,0.0421,0.0149,0.0043
2026-06-16T22:20:38.843681+00:00,Czechia,0.0474,0.478,0.3104,0.1325,0.0384,0.0124,0.0038
2026-06-16T22:20:38.843681+00:00,Austria,0.1489,0.6754,0.1879,0.0791,0.0363,0.011,0.0035
2026-06-16T22:20:38.843681+00:00,Canada,0.2243,0.6363,0.299,0.1043,0.0346,0.0086,0.0016
2026-06-16T22:20:38.843681+00:00,Norway,0.0813,0.5679,0.1886,0.0625,0.0232,0.0062,0.0015
2026-06-16T22:20:38.843681+00:00,Algeria,0.1031,0.594,0.136,0.0491,0.0192,0.0061,0.0015
2026-06-16T22:20:38.843681+00:00,Egypt,0.1922,0.6542,0.2111,0.08,0.0211,0.0061,0.001
2026-06-16T22:20:38.843681+00:00,Türkiye,0.0329,0.4325,0.1889,0.0786,0.024,0.0054,0.001
2026-06-16T22:20:38.843681+00:00,South Africa,0.023,0.3215,0.1769,0.0622,0.0177,0.0046,0.0009
2026-06-16T22:20:38.843681+00:00,Ghana,0.0909,0.5168,0.1248,0.0387,0.0136,0.005,0.0009
2026-06-16T22:20:38.843681+00:00,Qatar,0.2026,0.6294,0.2517,0.0715,0.0193,0.0037,0.0007
2026-06-16T22:20:38.843681+00:00,Bosnia-Herzegovina,0.1834,0.5686,0.2255,0.0656,0.0168,0.0047,0.0006
2026-06-16T22:20:38.843681+00:00,Saudi Arabia,0.1151,0.5401,0.1262,0.0465,0.0149,0.0039,0.0004
2026-06-16T22:20:38.843681+00:00,Tunisia,0.0243,0.2004,0.0542,0.0157,0.0052,0.0013,0.0004
2026-06-16T22:20:38.843681+00:00,Cape Verde,0.086,0.4842,0.0869,0.0237,0.0049,0.0011,0.0003
2026-06-16T22:20:38.843681+00:00,Curaçao,0.0073,0.1938,0.1187,0.0299,0.0071,0.0014,0.0003
2026-06-16T22:20:38.843681+00:00,Paraguay,0.0218,0.3193,0.1238,0.0443,0.0108,0.0023,0.0003
2026-06-16T22:20:38.843681+00:00,Congo DR,0.0774,0.458,0.0851,0.0253,0.0065,0.0015,0.0002
2026-06-16T22:20:38.843681+00:00,Haiti,0.016,0.1604,0.0609,0.0132,0.0029,0.0007,0.0002
2026-06-16T22:20:38.843681+00:00,Panama,0.0533,0.3767,0.0625,0.0141,0.0041,0.0008,0.0002
2026-06-16T22:20:38.843681+00:00,Jordan,0.0541,0.4039,0.0586,0.0163,0.0057,0.0013,0.0001
2026-06-16T22:20:38.843681+00:00,Iraq,0.034,0.3863,0.0871,0.021,0.0055,0.0015,0.0
2026-06-16T22:20:38.843681+00:00,New Zealand,0.1299,0.4835,0.1354,0.0413,0.0081,0.0016,0.0
2026-06-16T22:20:38.843681+00:00,Uzbekistan,0.0753,0.4549,0.0782,0.0226,0.0058,0.0018,0.0
2026-06-16T23:58:36.171859+00:00,Argentina,0.6939,0.9608,0.6627,0.5289,0.4042,0.2646,0.1746
2026-06-16T23:58:36.171859+00:00,Spain,0.5688,0.9174,0.6243,0.4656,0.3622,0.2516,0.1581
2026-06-16T23:58:36.171859+00:00,France,0.8609,0.9928,0.7399,0.5196,0.3606,0.2296,0.1508
2026-06-16T23:58:36.171859+00:00,England,0.5663,0.9336,0.633,0.4159,0.2494,0.1541,0.0885
2026-06-16T23:58:36.171859+00:00,Germany,0.7179,0.9947,0.77,0.4727,0.2606,0.1294,0.0547
2026-06-16T23:58:36.171859+00:00,Brazil,0.3462,0.8834,0.6538,0.3704,0.2077,0.1062,0.0501
2026-06-16T23:58:36.171859+00:00,Portugal,0.5032,0.9086,0.5516,0.3467,0.1933,0.0991,0.0499
2026-06-16T23:58:36.171859+00:00,Morocco,0.3338,0.8743,0.6107,0.3257,0.1779,0.0893,0.0432
2026-06-16T23:58:36.171859+00:00,Belgium,0.438,0.8498,0.4871,0.3167,0.1454,0.0749,0.0334
2026-06-16T23:58:36.171859+00:00,Netherlands,0.325,0.8399,0.4362,0.2305,0.1332,0.0653,0.0306
2026-06-16T23:58:36.171859+00:00,Croatia,0.2895,0.8248,0.4024,0.1993,0.0988,0.0491,0.0188
2026-06-16T23:58:36.171859+00:00,Mexico,0.5795,0.9682,0.5847,0.2892,0.1231,0.0514,0.0179
2026-06-16T23:58:36.171859+00:00,Colombia,0.3441,0.8417,0.4026,0.2126,0.1012,0.0419,0.0161
2026-06-16T23:58:36.171859+00:00,Scotland,0.304,0.8723,0.5385,0.2344,0.105,0.0414,0.0148
2026-06-16T23:58:36.171859+00:00,Senegal,0.0238,0.6417,0.2901,0.1346,0.0678,0.0285,0.0114
2026-06-16T23:58:36.171859+00:00,United States,0.564,0.9782,0.5362,0.2557,0.0859,0.0319,0.0102
2026-06-16T23:58:36.171859+00:00,Uruguay,0.2301,0.7135,0.2665,0.1406,0.068,0.0279,0.0086
2026-06-16T23:58:36.171859+00:00,Switzerland,0.3897,0.7976,0.4626,0.2023,0.0876,0.0311,0.0084
2026-06-16T23:58:36.171859+00:00,Sweden,0.4633,0.9682,0.3719,0.1439,0.0633,0.0219,0.0079
2026-06-16T23:58:36.171859+00:00,South Korea,0.3501,0.9262,0.5141,0.2226,0.0794,0.0276,0.0078
2026-06-16T23:58:36.171859+00:00,Ecuador,0.0234,0.5367,0.544,0.2045,0.0697,0.0219,0.0059
2026-06-16T23:58:36.171859+00:00,Japan,0.1874,0.729,0.2673,0.1094,0.0489,0.0177,0.0056
2026-06-16T23:58:36.171859+00:00,Ivory Coast,0.2514,0.916,0.5322,0.1952,0.0621,0.0182,0.0045
2026-06-16T23:58:36.171859+00:00,Australia,0.3813,0.9534,0.4687,0.1951,0.0569,0.0175,0.0045
2026-06-16T23:58:36.171859+00:00,Iran,0.2399,0.6411,0.2705,0.1299,0.0421,0.0149,0.0043
2026-06-16T23:58:36.171859+00:00,Czechia,0.0474,0.478,0.3104,0.1325,0.0384,0.0124,0.0038
2026-06-16T23:58:36.171859+00:00,Austria,0.1489,0.6754,0.1879,0.0791,0.0363,0.011,0.0035
2026-06-16T23:58:36.171859+00:00,Canada,0.2243,0.6363,0.299,0.1043,0.0346,0.0086,0.0016
2026-06-16T23:58:36.171859+00:00,Norway,0.0813,0.5679,0.1886,0.0625,0.0232,0.0062,0.0015
2026-06-16T23:58:36.171859+00:00,Algeria,0.1031,0.594,0.136,0.0491,0.0192,0.0061,0.0015
2026-06-16T23:58:36.171859+00:00,Egypt,0.1922,0.6542,0.2111,0.08,0.0211,0.0061,0.001
2026-06-16T23:58:36.171859+00:00,Türkiye,0.0329,0.4325,0.1889,0.0786,0.024,0.0054,0.001
2026-06-16T23:58:36.171859+00:00,South Africa,0.023,0.3215,0.1769,0.0622,0.0177,0.0046,0.0009
2026-06-16T23:58:36.171859+00:00,Ghana,0.0909,0.5168,0.1248,0.0387,0.0136,0.005,0.0009
2026-06-16T23:58:36.171859+00:00,Qatar,0.2026,0.6294,0.2517,0.0715,0.0193,0.0037,0.0007
2026-06-16T23:58:36.171859+00:00,Bosnia-Herzegovina,0.1834,0.5686,0.2255,0.0656,0.0168,0.0047,0.0006
2026-06-16T23:58:36.171859+00:00,Saudi Arabia,0.1151,0.5401,0.1262,0.0465,0.0149,0.0039,0.0004
2026-06-16T23:58:36.171859+00:00,Tunisia,0.0243,0.2004,0.0542,0.0157,0.0052,0.0013,0.0004
2026-06-16T23:58:36.171859+00:00,Cape Verde,0.086,0.4842,0.0869,0.0237,0.0049,0.0011,0.0003
2026-06-16T23:58:36.171859+00:00,Curaçao,0.0073,0.1938,0.1187,0.0299,0.0071,0.0014,0.0003
2026-06-16T23:58:36.171859+00:00,Paraguay,0.0218,0.3193,0.1238,0.0443,0.0108,0.0023,0.0003
2026-06-16T23:58:36.171859+00:00,Congo DR,0.0774,0.458,0.0851,0.0253,0.0065,0.0015,0.0002
2026-06-16T23:58:36.171859+00:00,Haiti,0.016,0.1604,0.0609,0.0132,0.0029,0.0007,0.0002
2026-06-16T23:58:36.171859+00:00,Panama,0.0533,0.3767,0.0625,0.0141,0.0041,0.0008,0.0002
2026-06-16T23:58:36.171859+00:00,Jordan,0.0541,0.4039,0.0586,0.0163,0.0057,0.0013,0.0001
2026-06-16T23:58:36.171859+00:00,Iraq,0.034,0.3863,0.0871,0.021,0.0055,0.0015,0.0
2026-06-16T23:58:36.171859+00:00,New Zealand,0.1299,0.4835,0.1354,0.0413,0.0081,0.0016,0.0
2026-06-16T23:58:36.171859+00:00,Uzbekistan,0.0753,0.4549,0.0782,0.0226,0.0058,0.0018,0.0
2026-06-17T00:12:10.252031+00:00,Argentina,0.6971,0.9594,0.6599,0.5232,0.4015,0.258,0.1679
2026-06-17T00:12:10.252031+00:00,Spain,0.5736,0.9161,0.6285,0.4643,0.3561,0.2504,0.1594
2026-06-17T00:12:10.252031+00:00,France,0.7963,0.9961,0.7395,0.5153,0.361,0.2307,0.1523
2026-06-17T00:12:10.252031+00:00,England,0.5682,0.9379,0.638,0.4234,0.2607,0.1577,0.0913
2026-06-17T00:12:10.252031+00:00,Brazil,0.3522,0.8816,0.649,0.3615,0.2091,0.1094,0.053
2026-06-17T00:12:10.252031+00:00,Portugal,0.4984,0.9114,0.5386,0.3444,0.1907,0.099,0.0479
2026-06-17T00:12:10.252031+00:00,Germany,0.7119,0.9941,0.7586,0.4754,0.2601,0.1249,0.0477
2026-06-17T00:12:10.252031+00:00,Morocco,0.3297,0.8705,0.6309,0.3427,0.1925,0.0945,0.0444
2026-06-17T00:12:10.252031+00:00,Belgium,0.4355,0.8571,0.4878,0.3064,0.14,0.0738,0.0325
2026-06-17T00:12:10.252031+00:00,Netherlands,0.3297,0.8428,0.4309,0.2246,0.1295,0.0641,0.0303
2026-06-17T00:12:10.252031+00:00,Croatia,0.2894,0.8178,0.4013,0.1964,0.0932,0.0455,0.019
2026-06-17T00:12:10.252031+00:00,Mexico,0.5779,0.9652,0.5939,0.2933,0.1188,0.0484,0.018
2026-06-17T00:12:10.252031+00:00,Colombia,0.3345,0.8329,0.4032,0.2099,0.102,0.0464,0.0175
2026-06-17T00:12:10.252031+00:00,Scotland,0.3022,0.8637,0.5311,0.2235,0.0988,0.0408,0.0154
2026-06-17T00:12:10.252031+00:00,Switzerland,0.3842,0.797,0.4624,0.2035,0.0874,0.0335,0.0117
2026-06-17T00:12:10.252031+00:00,Uruguay,0.2304,0.714,0.2835,0.1452,0.072,0.03,0.0103
2026-06-17T00:12:10.252031+00:00,Senegal,0.0197,0.638,0.2526,0.1187,0.0599,0.0242,0.0089
2026-06-17T00:12:10.252031+00:00,United States,0.5633,0.9778,0.5379,0.2536,0.0834,0.0283,0.0084
2026-06-17T00:12:10.252031+00:00,Sweden,0.4674,0.9622,0.3715,0.1463,0.0636,0.0214,0.0078
2026-06-17T00:12:10.252031+00:00,South Korea,0.3477,0.9224,0.5122,0.2184,0.0783,0.0271,0.0072
2026-06-17T00:12:10.252031+00:00,Ecuador,0.0242,0.5193,0.5416,0.2124,0.0743,0.0232,0.0063
2026-06-17T00:12:10.252031+00:00,Australia,0.3826,0.9523,0.47,0.1961,0.0581,0.0195,0.0056
2026-06-17T00:12:10.252031+00:00,Japan,0.1783,0.7225,0.2732,0.1101,0.0491,0.0185,0.0055
2026-06-17T00:12:10.252031+00:00,Austria,0.1434,0.6701,0.1843,0.0817,0.038,0.0145,0.0047
2026-06-17T00:12:10.252031+00:00,Iran,0.2371,0.6502,0.2692,0.1248,0.0402,0.0145,0.0042
2026-06-17T00:12:10.252031+00:00,Ivory Coast,0.2566,0.9159,0.5101,0.1879,0.0635,0.0177,0.0041
2026-06-17T00:12:10.252031+00:00,Czechia,0.0501,0.483,0.3138,0.1383,0.0422,0.0126,0.0033
2026-06-17T00:12:10.252031+00:00,Norway,0.1807,0.9469,0.3265,0.111,0.0376,0.0114,0.0029
2026-06-17T00:12:10.252031+00:00,Canada,0.2241,0.6308,0.2925,0.0999,0.032,0.0082,0.0017
2026-06-17T00:12:10.252031+00:00,Türkiye,0.0326,0.4196,0.1867,0.0787,0.0238,0.0068,0.0015
2026-06-17T00:12:10.252031+00:00,Egypt,0.199,0.6445,0.2159,0.085,0.0246,0.0066,0.0013
2026-06-17T00:12:10.252031+00:00,Algeria,0.1057,0.5806,0.1234,0.0476,0.0175,0.0047,0.0012
2026-06-17T00:12:10.252031+00:00,Paraguay,0.0215,0.3245,0.1278,0.0479,0.0143,0.0037,0.001
2026-06-17T00:12:10.252031+00:00,Ghana,0.0902,0.5162,0.1143,0.0342,0.0114,0.0032,0.0009
2026-06-17T00:12:10.252031+00:00,South Africa,0.0243,0.3119,0.1691,0.0613,0.0151,0.0045,0.0008
2026-06-17T00:12:10.252031+00:00,Saudi Arabia,0.1135,0.5445,0.1276,0.0455,0.0154,0.0041,0.0008
2026-06-17T00:12:10.252031+00:00,Qatar,0.2125,0.6341,0.257,0.0758,0.0183,0.0037,0.0006
2026-06-17T00:12:10.252031+00:00,Cape Verde,0.0825,0.4701,0.0823,0.0236,0.0064,0.0018,0.0006
2026-06-17T00:12:10.252031+00:00,Bosnia-Herzegovina,0.1792,0.5615,0.2246,0.0672,0.0173,0.0041,0.0005
2026-06-17T00:12:10.252031+00:00,Uzbekistan,0.0833,0.4505,0.0848,0.0219,0.005,0.0009,0.0004
2026-06-17T00:12:10.252031+00:00,Tunisia,0.0246,0.2055,0.0565,0.0148,0.0048,0.0014,0.0003
2026-06-17T00:12:10.252031+00:00,New Zealand,0.1284,0.4795,0.1353,0.0444,0.0101,0.0017,0.0003
2026-06-17T00:12:10.252031+00:00,Jordan,0.0538,0.4081,0.0578,0.0175,0.0045,0.0012,0.0003
2026-06-17T00:12:10.252031+00:00,Haiti,0.0159,0.1569,0.0605,0.0135,0.0029,0.0006,0.0002
2026-06-17T00:12:10.252031+00:00,Congo DR,0.0838,0.4541,0.0829,0.023,0.0059,0.0011,0.0001
2026-06-17T00:12:10.252031+00:00,Curaçao,0.0073,0.1962,0.1193,0.0287,0.0047,0.001,0.0
2026-06-17T00:12:10.252031+00:00,Panama,0.0522,0.3763,0.0648,0.0134,0.0032,0.0004,0.0
2026-06-17T00:12:10.252031+00:00,Iraq,0.0033,0.1164,0.0169,0.0038,0.0012,0.0003,0.0
2026-06-17T05:06:16.541166+00:00,Argentina,0.8552,0.9967,0.7414,0.5949,0.4521,0.2893,0.1866
2026-06-17T05:06:16.541166+00:00,Spain,0.5601,0.909,0.6195,0.4503,0.3476,0.2432,0.1521
2026-06-17T05:06:16.541166+00:00,France,0.7943,0.9939,0.7395,0.525,0.3692,0.2335,0.149
2026-06-17T05:06:16.541166+00:00,England,0.5601,0.9274,0.6244,0.4145,0.2517,0.1485,0.0874
2026-06-17T05:06:16.541166+00:00,Brazil,0.3531,0.886,0.6564,0.365,0.209,0.1034,0.0524
2026-06-17T05:06:16.541166+00:00,Germany,0.7218,0.9945,0.7576,0.4618,0.2571,0.1262,0.051
2026-06-17T05:06:16.541166+00:00,Portugal,0.5073,0.9093,0.5427,0.3497,0.1815,0.0966,0.0496
2026-06-17T05:06:16.541166+00:00,Morocco,0.331,0.8746,0.6294,0.3365,0.1873,0.09,0.0422
2026-06-17T05:06:16.541166+00:00,Belgium,0.4429,0.8529,0.4981,0.3199,0.1449,0.074,0.0328
2026-06-17T05:06:16.541166+00:00,Netherlands,0.3393,0.8438,0.432,0.2277,0.1324,0.0671,0.0305
2026-06-17T05:06:16.541166+00:00,Mexico,0.5719,0.9676,0.5898,0.2998,0.1247,0.0529,0.0185
2026-06-17T05:06:16.541166+00:00,Croatia,0.296,0.8234,0.4097,0.2135,0.1029,0.0479,0.0185
2026-06-17T05:06:16.541166+00:00,Colombia,0.3255,0.8258,0.3892,0.207,0.0962,0.0422,0.0169
2026-06-17T05:06:16.541166+00:00,Scotland,0.3011,0.8766,0.5353,0.226,0.0973,0.0376,0.0138
2026-06-17T05:06:16.541166+00:00,Switzerland,0.3798,0.7982,0.4702,0.1945,0.0833,0.0328,0.0111
2026-06-17T05:06:16.541166+00:00,Uruguay,0.2336,0.7122,0.2569,0.1265,0.0651,0.0265,0.01
2026-06-17T05:06:16.541166+00:00,United States,0.5719,0.9796,0.5303,0.2519,0.0835,0.0327,0.0097
2026-06-17T05:06:16.541166+00:00,Senegal,0.0235,0.6541,0.246,0.1159,0.0597,0.027,0.0087
2026-06-17T05:06:16.541166+00:00,Sweden,0.4517,0.9635,0.3699,0.1384,0.0597,0.021,0.0079
2026-06-17T05:06:16.541166+00:00,South Korea,0.3569,0.9267,0.5083,0.224,0.0774,0.0252,0.0068
2026-06-17T05:06:16.541166+00:00,Ecuador,0.0233,0.534,0.541,0.2021,0.0693,0.0202,0.0061
2026-06-17T05:06:16.541166+00:00,Japan,0.1831,0.726,0.2754,0.1072,0.0472,0.0158,0.0051
2026-06-17T05:06:16.541166+00:00,Ivory Coast,0.2478,0.9267,0.5248,0.1859,0.065,0.0195,0.0046
2026-06-17T05:06:16.541166+00:00,Iran,0.234,0.6301,0.2684,0.1297,0.042,0.0163,0.0044
2026-06-17T05:06:16.541166+00:00,Australia,0.3756,0.9489,0.4658,0.197,0.0544,0.0166,0.0039
2026-06-17T05:06:16.541166+00:00,Austria,0.1026,0.677,0.1903,0.0776,0.0339,0.0114,0.0028
2026-06-17T05:06:16.541166+00:00,Norway,0.1791,0.9545,0.3244,0.1052,0.038,0.0126,0.0025
2026-06-17T05:06:16.541166+00:00,Czechia,0.0478,0.4744,0.3085,0.1355,0.0454,0.013,0.0025
2026-06-17T05:06:16.541166+00:00,Canada,0.225,0.633,0.2914,0.0941,0.0293,0.0093,0.0024
2026-06-17T05:06:16.541166+00:00,Türkiye,0.0308,0.4329,0.1884,0.0777,0.0197,0.0052,0.0018
2026-06-17T05:06:16.541166+00:00,Egypt,0.1947,0.659,0.2203,0.0861,0.0237,0.0064,0.0012
2026-06-17T05:06:16.541166+00:00,Algeria,0.0092,0.4305,0.0757,0.0258,0.0106,0.0035,0.0011
2026-06-17T05:06:16.541166+00:00,Ghana,0.0917,0.5256,0.1237,0.0372,0.0132,0.0041,0.0011
2026-06-17T05:06:16.541166+00:00,South Africa,0.0234,0.3273,0.1818,0.0666,0.0184,0.0053,0.001
2026-06-17T05:06:16.541166+00:00,Bosnia-Herzegovina,0.1871,0.5621,0.2204,0.0632,0.0173,0.0039,0.001
2026-06-17T05:06:16.541166+00:00,Saudi Arabia,0.1232,0.5415,0.1216,0.0432,0.0142,0.0037,0.0007
2026-06-17T05:06:16.541166+00:00,Jordan,0.033,0.4241,0.063,0.0165,0.0054,0.0013,0.0005
2026-06-17T05:06:16.541166+00:00,Tunisia,0.0259,0.21,0.0559,0.0153,0.0046,0.001,0.0004
2026-06-17T05:06:16.541166+00:00,Paraguay,0.0217,0.3248,0.1194,0.0456,0.0099,0.0016,0.0004
2026-06-17T05:06:16.541166+00:00,Qatar,0.2081,0.629,0.2585,0.0764,0.0204,0.0053,0.0003
2026-06-17T05:06:16.541166+00:00,Congo DR,0.088,0.4769,0.0882,0.0241,0.006,0.0014,0.0002
2026-06-17T05:06:16.541166+00:00,Cape Verde,0.0831,0.4733,0.0737,0.0205,0.0039,0.0004,0.0001
2026-06-17T05:06:16.541166+00:00,Curaçao,0.0071,0.1877,0.1151,0.0271,0.0047,0.0009,0.0001
2026-06-17T05:06:16.541166+00:00,New Zealand,0.1284,0.4793,0.1358,0.0422,0.0091,0.0013,0.0001
2026-06-17T05:06:16.541166+00:00,Panama,0.0522,0.3796,0.0662,0.0162,0.004,0.001,0.0001
2026-06-17T05:06:16.541166+00:00,Uzbekistan,0.0792,0.4465,0.0799,0.0215,0.0046,0.0009,0.0001
2026-06-17T05:06:16.541166+00:00,Haiti,0.0148,0.1533,0.0608,0.014,0.0022,0.0003,0.0
2026-06-17T05:06:16.541166+00:00,Iraq,0.0031,0.1162,0.015,0.0037,0.001,0.0002,0.0
2026-06-17T10:06:55.323202+00:00,Argentina,0.8262,0.9976,0.7292,0.5849,0.4466,0.2832,0.1882
2026-06-17T10:06:55.323202+00:00,France,0.7931,0.995,0.7387,0.5232,0.3615,0.2323,0.1567
2026-06-17T10:06:55.323202+00:00,Spain,0.5639,0.9101,0.6021,0.441,0.3327,0.2283,0.14
2026-06-17T10:06:55.323202+00:00,England,0.5547,0.9298,0.6285,0.4193,0.2601,0.1588,0.0902
2026-06-17T10:06:55.323202+00:00,Brazil,0.3526,0.888,0.6589,0.3609,0.1987,0.1028,0.0513
2026-06-17T10:06:55.323202+00:00,Germany,0.7182,0.9952,0.7563,0.4687,0.2655,0.1263,0.0499
2026-06-17T10:06:55.323202+00:00,Morocco,0.3334,0.8747,0.6285,0.3399,0.1895,0.094,0.0462
2026-06-17T10:06:55.323202+00:00,Portugal,0.5056,0.9078,0.5496,0.3451,0.18,0.0922,0.0437
2026-06-17T10:06:55.323202+00:00,Netherlands,0.3252,0.8415,0.429,0.2335,0.139,0.0682,0.0326
2026-06-17T10:06:55.323202+00:00,Belgium,0.4326,0.8524,0.4977,0.3221,0.1491,0.0751,0.032
2026-06-17T10:06:55.323202+00:00,Mexico,0.5794,0.9677,0.5887,0.2925,0.1203,0.0518,0.0209
2026-06-17T10:06:55.323202+00:00,Croatia,0.3009,0.8248,0.4102,0.2011,0.0971,0.0481,0.0192
2026-06-17T10:06:55.323202+00:00,Colombia,0.3345,0.8389,0.4021,0.2129,0.0988,0.0446,0.0163
2026-06-17T10:06:55.323202+00:00,Scotland,0.2979,0.8649,0.5322,0.2342,0.1035,0.0414,0.0127
2026-06-17T10:06:55.323202+00:00,Switzerland,0.3864,0.8025,0.4791,0.2021,0.0836,0.0325,0.0097
2026-06-17T10:06:55.323202+00:00,Uruguay,0.2355,0.717,0.2613,0.1354,0.0671,0.026,0.0091
2026-06-17T10:06:55.323202+00:00,United States,0.5631,0.9789,0.5297,0.246,0.0801,0.0292,0.009
2026-06-17T10:06:55.323202+00:00,Sweden,0.4661,0.9652,0.3783,0.1427,0.0618,0.0228,0.0087
2026-06-17T10:06:55.323202+00:00,South Korea,0.3457,0.9262,0.509,0.2235,0.0775,0.0269,0.0084
2026-06-17T10:06:55.323202+00:00,Ecuador,0.0224,0.5307,0.5412,0.2014,0.073,0.0242,0.0079
2026-06-17T10:06:55.323202+00:00,Senegal,0.0197,0.6567,0.258,0.1196,0.0608,0.0255,0.0076
2026-06-17T10:06:55.323202+00:00,Japan,0.1857,0.7179,0.2644,0.1045,0.0479,0.0196,0.0065
2026-06-17T10:06:55.323202+00:00,Ivory Coast,0.2531,0.9191,0.5216,0.1796,0.0605,0.019,0.0053
2026-06-17T10:06:55.323202+00:00,Austria,0.1589,0.9385,0.2887,0.1235,0.0574,0.0201,0.0052
2026-06-17T10:06:55.323202+00:00,Australia,0.3829,0.9512,0.4616,0.193,0.0565,0.0155,0.0041
2026-06-17T10:06:55.323202+00:00,Iran,0.242,0.6335,0.2677,0.1274,0.04,0.0143,0.0038
2026-06-17T10:06:55.323202+00:00,Czechia,0.0504,0.4691,0.3035,0.1315,0.0414,0.0132,0.0024
2026-06-17T10:06:55.323202+00:00,Türkiye,0.0325,0.4285,0.1873,0.0797,0.0229,0.0062,0.0022
2026-06-17T10:06:55.323202+00:00,Norway,0.1828,0.9516,0.3204,0.1029,0.0353,0.0108,0.002
2026-06-17T10:06:55.323202+00:00,Canada,0.2236,0.6272,0.293,0.0953,0.0306,0.0074,0.0016
2026-06-17T10:06:55.323202+00:00,Qatar,0.2078,0.6263,0.2563,0.074,0.0209,0.0051,0.0009
2026-06-17T10:06:55.323202+00:00,Egypt,0.1929,0.6474,0.2159,0.0821,0.0222,0.0064,0.0008
2026-06-17T10:06:55.323202+00:00,Saudi Arabia,0.1164,0.5447,0.1154,0.0397,0.0118,0.003,0.0008
2026-06-17T10:06:55.323202+00:00,Ghana,0.0912,0.5143,0.1213,0.0332,0.0094,0.0025,0.0008
2026-06-17T10:06:55.323202+00:00,Algeria,0.0083,0.4245,0.0636,0.0229,0.0083,0.003,0.0007
2026-06-17T10:06:55.323202+00:00,Bosnia-Herzegovina,0.1822,0.5651,0.225,0.0665,0.018,0.0046,0.0006
2026-06-17T10:06:55.323202+00:00,Paraguay,0.0215,0.3228,0.1155,0.0415,0.0099,0.0015,0.0004
2026-06-17T10:06:55.323202+00:00,Tunisia,0.023,0.2071,0.0538,0.0176,0.0062,0.0022,0.0004
2026-06-17T10:06:55.323202+00:00,Congo DR,0.0829,0.4608,0.0816,0.0224,0.0055,0.0009,0.0003
2026-06-17T10:06:55.323202+00:00,New Zealand,0.1325,0.4864,0.1425,0.0489,0.0102,0.0023,0.0003
2026-06-17T10:06:55.323202+00:00,South Africa,0.0245,0.3297,0.177,0.0621,0.0155,0.0044,0.0003
2026-06-17T10:06:55.323202+00:00,Panama,0.0532,0.3783,0.0621,0.0133,0.0033,0.0008,0.0002
2026-06-17T10:06:55.323202+00:00,Uzbekistan,0.077,0.4425,0.0769,0.0216,0.0057,0.0014,0.0001
2026-06-17T10:06:55.323202+00:00,Cape Verde,0.0842,0.4736,0.0713,0.0191,0.0043,0.0003,0.0
2026-06-17T10:06:55.323202+00:00,Curaçao,0.0063,0.1915,0.1155,0.0263,0.0057,0.0008,0.0
2026-06-17T10:06:55.323202+00:00,Jordan,0.0066,0.2112,0.0119,0.0031,0.0008,0.0,0.0
2026-06-17T10:06:55.323202+00:00,Haiti,0.0161,0.1564,0.0612,0.0141,0.0024,0.0003,0.0
2026-06-17T10:06:55.323202+00:00,Iraq,0.0044,0.1152,0.0167,0.0042,0.0011,0.0002,0.0
2026-06-17T14:03:52.640068+00:00,Argentina,0.8262,0.9976,0.7292,0.5849,0.4466,0.2832,0.1882
2026-06-17T14:03:52.640068+00:00,France,0.7931,0.995,0.7387,0.5232,0.3615,0.2323,0.1567
2026-06-17T14:03:52.640068+00:00,Spain,0.5639,0.9101,0.6021,0.441,0.3327,0.2283,0.14
2026-06-17T14:03:52.640068+00:00,England,0.5547,0.9298,0.6285,0.4193,0.2601,0.1588,0.0902
2026-06-17T14:03:52.640068+00:00,Brazil,0.3526,0.888,0.6589,0.3609,0.1987,0.1028,0.0513
2026-06-17T14:03:52.640068+00:00,Germany,0.7182,0.9952,0.7563,0.4687,0.2655,0.1263,0.0499
2026-06-17T14:03:52.640068+00:00,Morocco,0.3334,0.8747,0.6285,0.3399,0.1895,0.094,0.0462
2026-06-17T14:03:52.640068+00:00,Portugal,0.5056,0.9078,0.5496,0.3451,0.18,0.0922,0.0437
2026-06-17T14:03:52.640068+00:00,Netherlands,0.3252,0.8415,0.429,0.2335,0.139,0.0682,0.0326
2026-06-17T14:03:52.640068+00:00,Belgium,0.4326,0.8524,0.4977,0.3221,0.1491,0.0751,0.032
2026-06-17T14:03:52.640068+00:00,Mexico,0.5794,0.9677,0.5887,0.2925,0.1203,0.0518,0.0209
2026-06-17T14:03:52.640068+00:00,Croatia,0.3009,0.8248,0.4102,0.2011,0.0971,0.0481,0.0192
2026-06-17T14:03:52.640068+00:00,Colombia,0.3345,0.8389,0.4021,0.2129,0.0988,0.0446,0.0163
2026-06-17T14:03:52.640068+00:00,Scotland,0.2979,0.8649,0.5322,0.2342,0.1035,0.0414,0.0127
2026-06-17T14:03:52.640068+00:00,Switzerland,0.3864,0.8025,0.4791,0.2021,0.0836,0.0325,0.0097
2026-06-17T14:03:52.640068+00:00,Uruguay,0.2355,0.717,0.2613,0.1354,0.0671,0.026,0.0091
2026-06-17T14:03:52.640068+00:00,United States,0.5631,0.9789,0.5297,0.246,0.0801,0.0292,0.009
2026-06-17T14:03:52.640068+00:00,Sweden,0.4661,0.9652,0.3783,0.1427,0.0618,0.0228,0.0087
2026-06-17T14:03:52.640068+00:00,South Korea,0.3457,0.9262,0.509,0.2235,0.0775,0.0269,0.0084
2026-06-17T14:03:52.640068+00:00,Ecuador,0.0224,0.5307,0.5412,0.2014,0.073,0.0242,0.0079
2026-06-17T14:03:52.640068+00:00,Senegal,0.0197,0.6567,0.258,0.1196,0.0608,0.0255,0.0076
2026-06-17T14:03:52.640068+00:00,Japan,0.1857,0.7179,0.2644,0.1045,0.0479,0.0196,0.0065
2026-06-17T14:03:52.640068+00:00,Ivory Coast,0.2531,0.9191,0.5216,0.1796,0.0605,0.019,0.0053
2026-06-17T14:03:52.640068+00:00,Austria,0.1589,0.9385,0.2887,0.1235,0.0574,0.0201,0.0052
2026-06-17T14:03:52.640068+00:00,Australia,0.3829,0.9512,0.4616,0.193,0.0565,0.0155,0.0041
2026-06-17T14:03:52.640068+00:00,Iran,0.242,0.6335,0.2677,0.1274,0.04,0.0143,0.0038
2026-06-17T14:03:52.640068+00:00,Czechia,0.0504,0.4691,0.3035,0.1315,0.0414,0.0132,0.0024
2026-06-17T14:03:52.640068+00:00,Türkiye,0.0325,0.4285,0.1873,0.0797,0.0229,0.0062,0.0022
2026-06-17T14:03:52.640068+00:00,Norway,0.1828,0.9516,0.3204,0.1029,0.0353,0.0108,0.002
2026-06-17T14:03:52.640068+00:00,Canada,0.2236,0.6272,0.293,0.0953,0.0306,0.0074,0.0016
2026-06-17T14:03:52.640068+00:00,Qatar,0.2078,0.6263,0.2563,0.074,0.0209,0.0051,0.0009
2026-06-17T14:03:52.640068+00:00,Egypt,0.1929,0.6474,0.2159,0.0821,0.0222,0.0064,0.0008
2026-06-17T14:03:52.640068+00:00,Saudi Arabia,0.1164,0.5447,0.1154,0.0397,0.0118,0.003,0.0008
2026-06-17T14:03:52.640068+00:00,Ghana,0.0912,0.5143,0.1213,0.0332,0.0094,0.0025,0.0008
2026-06-17T14:03:52.640068+00:00,Algeria,0.0083,0.4245,0.0636,0.0229,0.0083,0.003,0.0007
2026-06-17T14:03:52.640068+00:00,Bosnia-Herzegovina,0.1822,0.5651,0.225,0.0665,0.018,0.0046,0.0006
2026-06-17T14:03:52.640068+00:00,Paraguay,0.0215,0.3228,0.1155,0.0415,0.0099,0.0015,0.0004
2026-06-17T14:03:52.640068+00:00,Tunisia,0.023,0.2071,0.0538,0.0176,0.0062,0.0022,0.0004
2026-06-17T14:03:52.640068+00:00,Congo DR,0.0829,0.4608,0.0816,0.0224,0.0055,0.0009,0.0003
2026-06-17T14:03:52.640068+00:00,New Zealand,0.1325,0.4864,0.1425,0.0489,0.0102,0.0023,0.0003
2026-06-17T14:03:52.640068+00:00,South Africa,0.0245,0.3297,0.177,0.0621,0.0155,0.0044,0.0003
2026-06-17T14:03:52.640068+00:00,Panama,0.0532,0.3783,0.0621,0.0133,0.0033,0.0008,0.0002
2026-06-17T14:03:52.640068+00:00,Uzbekistan,0.077,0.4425,0.0769,0.0216,0.0057,0.0014,0.0001
2026-06-17T14:03:52.640068+00:00,Cape Verde,0.0842,0.4736,0.0713,0.0191,0.0043,0.0003,0.0
2026-06-17T14:03:52.640068+00:00,Curaçao,0.0063,0.1915,0.1155,0.0263,0.0057,0.0008,0.0
2026-06-17T14:03:52.640068+00:00,Jordan,0.0066,0.2112,0.0119,0.0031,0.0008,0.0,0.0
2026-06-17T14:03:52.640068+00:00,Haiti,0.0161,0.1564,0.0612,0.0141,0.0024,0.0003,0.0
2026-06-17T14:03:52.640068+00:00,Iraq,0.0044,0.1152,0.0167,0.0042,0.0011,0.0002,0.0
2026-06-17T17:26:32.241954+00:00,Argentina,0.8262,0.9976,0.7292,0.5849,0.4466,0.2832,0.1882
2026-06-17T17:26:32.241954+00:00,France,0.7931,0.995,0.7387,0.5232,0.3615,0.2323,0.1567
2026-06-17T17:26:32.241954+00:00,Spain,0.5639,0.9101,0.6021,0.441,0.3327,0.2283,0.14
2026-06-17T17:26:32.241954+00:00,England,0.5547,0.9298,0.6285,0.4193,0.2601,0.1588,0.0902
2026-06-17T17:26:32.241954+00:00,Brazil,0.3526,0.888,0.6589,0.3609,0.1987,0.1028,0.0513
2026-06-17T17:26:32.241954+00:00,Germany,0.7182,0.9952,0.7563,0.4687,0.2655,0.1263,0.0499
2026-06-17T17:26:32.241954+00:00,Morocco,0.3334,0.8747,0.6285,0.3399,0.1895,0.094,0.0462
2026-06-17T17:26:32.241954+00:00,Portugal,0.5056,0.9078,0.5496,0.3451,0.18,0.0922,0.0437
2026-06-17T17:26:32.241954+00:00,Netherlands,0.3252,0.8415,0.429,0.2335,0.139,0.0682,0.0326
2026-06-17T17:26:32.241954+00:00,Belgium,0.4326,0.8524,0.4977,0.3221,0.1491,0.0751,0.032
2026-06-17T17:26:32.241954+00:00,Mexico,0.5794,0.9677,0.5887,0.2925,0.1203,0.0518,0.0209
2026-06-17T17:26:32.241954+00:00,Croatia,0.3009,0.8248,0.4102,0.2011,0.0971,0.0481,0.0192
2026-06-17T17:26:32.241954+00:00,Colombia,0.3345,0.8389,0.4021,0.2129,0.0988,0.0446,0.0163
2026-06-17T17:26:32.241954+00:00,Scotland,0.2979,0.8649,0.5322,0.2342,0.1035,0.0414,0.0127
2026-06-17T17:26:32.241954+00:00,Switzerland,0.3864,0.8025,0.4791,0.2021,0.0836,0.0325,0.0097
2026-06-17T17:26:32.241954+00:00,Uruguay,0.2355,0.717,0.2613,0.1354,0.0671,0.026,0.0091
2026-06-17T17:26:32.241954+00:00,United States,0.5631,0.9789,0.5297,0.246,0.0801,0.0292,0.009
2026-06-17T17:26:32.241954+00:00,Sweden,0.4661,0.9652,0.3783,0.1427,0.0618,0.0228,0.0087
2026-06-17T17:26:32.241954+00:00,South Korea,0.3457,0.9262,0.509,0.2235,0.0775,0.0269,0.0084
2026-06-17T17:26:32.241954+00:00,Ecuador,0.0224,0.5307,0.5412,0.2014,0.073,0.0242,0.0079
2026-06-17T17:26:32.241954+00:00,Senegal,0.0197,0.6567,0.258,0.1196,0.0608,0.0255,0.0076
2026-06-17T17:26:32.241954+00:00,Japan,0.1857,0.7179,0.2644,0.1045,0.0479,0.0196,0.0065
2026-06-17T17:26:32.241954+00:00,Ivory Coast,0.2531,0.9191,0.5216,0.1796,0.0605,0.019,0.0053
2026-06-17T17:26:32.241954+00:00,Austria,0.1589,0.9385,0.2887,0.1235,0.0574,0.0201,0.0052
2026-06-17T17:26:32.241954+00:00,Australia,0.3829,0.9512,0.4616,0.193,0.0565,0.0155,0.0041
2026-06-17T17:26:32.241954+00:00,Iran,0.242,0.6335,0.2677,0.1274,0.04,0.0143,0.0038
2026-06-17T17:26:32.241954+00:00,Czechia,0.0504,0.4691,0.3035,0.1315,0.0414,0.0132,0.0024
2026-06-17T17:26:32.241954+00:00,Türkiye,0.0325,0.4285,0.1873,0.0797,0.0229,0.0062,0.0022
2026-06-17T17:26:32.241954+00:00,Norway,0.1828,0.9516,0.3204,0.1029,0.0353,0.0108,0.002
2026-06-17T17:26:32.241954+00:00,Canada,0.2236,0.6272,0.293,0.0953,0.0306,0.0074,0.0016
2026-06-17T17:26:32.241954+00:00,Qatar,0.2078,0.6263,0.2563,0.074,0.0209,0.0051,0.0009
2026-06-17T17:26:32.241954+00:00,Egypt,0.1929,0.6474,0.2159,0.0821,0.0222,0.0064,0.0008
2026-06-17T17:26:32.241954+00:00,Saudi Arabia,0.1164,0.5447,0.1154,0.0397,0.0118,0.003,0.0008
2026-06-17T17:26:32.241954+00:00,Ghana,0.0912,0.5143,0.1213,0.0332,0.0094,0.0025,0.0008
2026-06-17T17:26:32.241954+00:00,Algeria,0.0083,0.4245,0.0636,0.0229,0.0083,0.003,0.0007
2026-06-17T17:26:32.241954+00:00,Bosnia-Herzegovina,0.1822,0.5651,0.225,0.0665,0.018,0.0046,0.0006
2026-06-17T17:26:32.241954+00:00,Paraguay,0.0215,0.3228,0.1155,0.0415,0.0099,0.0015,0.0004
2026-06-17T17:26:32.241954+00:00,Tunisia,0.023,0.2071,0.0538,0.0176,0.0062,0.0022,0.0004
2026-06-17T17:26:32.241954+00:00,Congo DR,0.0829,0.4608,0.0816,0.0224,0.0055,0.0009,0.0003
2026-06-17T17:26:32.241954+00:00,New Zealand,0.1325,0.4864,0.1425,0.0489,0.0102,0.0023,0.0003
2026-06-17T17:26:32.241954+00:00,South Africa,0.0245,0.3297,0.177,0.0621,0.0155,0.0044,0.0003
2026-06-17T17:26:32.241954+00:00,Panama,0.0532,0.3783,0.0621,0.0133,0.0033,0.0008,0.0002
2026-06-17T17:26:32.241954+00:00,Uzbekistan,0.077,0.4425,0.0769,0.0216,0.0057,0.0014,0.0001
2026-06-17T17:26:32.241954+00:00,Cape Verde,0.0842,0.4736,0.0713,0.0191,0.0043,0.0003,0.0
2026-06-17T17:26:32.241954+00:00,Curaçao,0.0063,0.1915,0.1155,0.0263,0.0057,0.0008,0.0
2026-06-17T17:26:32.241954+00:00,Jordan,0.0066,0.2112,0.0119,0.0031,0.0008,0.0,0.0
2026-06-17T17:26:32.241954+00:00,Haiti,0.0161,0.1564,0.0612,0.0141,0.0024,0.0003,0.0
2026-06-17T17:26:32.241954+00:00,Iraq,0.0044,0.1152,0.0167,0.0042,0.0011,0.0002,0.0
